
Insert into REGIONS (REGION_ID,REGION_NAME, REGION_ALTERNATE_NAMES) values (1,'Europe', '{"Europa"}');

Insert into REGIONS (REGION_ID,REGION_NAME) values (2,'Americas');

Insert into REGIONS (REGION_ID,REGION_NAME) values (3,'Asia');

Insert into REGIONS (REGION_ID,REGION_NAME, REGION_ALTERNATE_NAMES) values (4,'Middle East and Africa', '{"MEA"}');


Insert into COUNTRIES (COUNTRY_ID,COUNTRY_NAME,REGION_ID) values ('AR','Argentina',2);

Insert into COUNTRIES (COUNTRY_ID,COUNTRY_NAME,REGION_ID) values ('AU','Australia',3);

Insert into COUNTRIES (COUNTRY_ID,COUNTRY_NAME,REGION_ID) values ('BE','Belgium',1);

Insert into COUNTRIES (COUNTRY_ID,COUNTRY_NAME,REGION_ID) values ('BR','Brazil',2);

Insert into COUNTRIES (COUNTRY_ID,COUNTRY_NAME,REGION_ID) values ('CA','Canada',2);

Insert into COUNTRIES (COUNTRY_ID,COUNTRY_NAME,REGION_ID) values ('CH','Switzerland',1);

Insert into COUNTRIES (COUNTRY_ID,COUNTRY_NAME,REGION_ID) values ('CN','China',3);

Insert into COUNTRIES (COUNTRY_ID,COUNTRY_NAME,REGION_ID) values ('DE','Germany',1);

Insert into COUNTRIES (COUNTRY_ID,COUNTRY_NAME,REGION_ID) values ('DK','Denmark',1);

Insert into COUNTRIES (COUNTRY_ID,COUNTRY_NAME,REGION_ID) values ('EG','Egypt',4);

Insert into COUNTRIES (COUNTRY_ID,COUNTRY_NAME,REGION_ID) values ('FR','France',1);

Insert into COUNTRIES (COUNTRY_ID,COUNTRY_NAME,REGION_ID) values ('HK','HongKong',3);

Insert into COUNTRIES (COUNTRY_ID,COUNTRY_NAME,REGION_ID) values ('IL','Israel',4);

Insert into COUNTRIES (COUNTRY_ID,COUNTRY_NAME,REGION_ID) values ('IN','India',3);

Insert into COUNTRIES (COUNTRY_ID,COUNTRY_NAME,REGION_ID) values ('IT','Italy',1);

Insert into COUNTRIES (COUNTRY_ID,COUNTRY_NAME,REGION_ID) values ('JP','Japan',3);

Insert into COUNTRIES (COUNTRY_ID,COUNTRY_NAME,REGION_ID) values ('KW','Kuwait',4);

Insert into COUNTRIES (COUNTRY_ID,COUNTRY_NAME,REGION_ID) values ('MX','Mexico',2);

Insert into COUNTRIES (COUNTRY_ID,COUNTRY_NAME,REGION_ID) values ('NG','Nigeria',4);

Insert into COUNTRIES (COUNTRY_ID,COUNTRY_NAME,REGION_ID) values ('NL','Netherlands',1);

Insert into COUNTRIES (COUNTRY_ID,COUNTRY_NAME,REGION_ID) values ('SG','Singapore',3);

Insert into COUNTRIES (COUNTRY_ID,COUNTRY_NAME,REGION_ID) values ('UK','United Kingdom',1);

Insert into COUNTRIES (COUNTRY_ID,COUNTRY_NAME,REGION_ID) values ('US','United States of America',2);

Insert into COUNTRIES (COUNTRY_ID,COUNTRY_NAME,REGION_ID) values ('ZM','Zambia',4);

Insert into COUNTRIES (COUNTRY_ID,COUNTRY_NAME,REGION_ID) values ('ZW','Zimbabwe',4);

Insert into LOCATIONS (LOCATION_ID,STREET_ADDRESS,POSTAL_CODE,CITY,STATE_PROVINCE,COUNTRY_ID) values (1000,'1297 Via Cola di Rie','00989','Roma',null,'IT');

Insert into LOCATIONS (LOCATION_ID,STREET_ADDRESS,POSTAL_CODE,CITY,STATE_PROVINCE,COUNTRY_ID) values (1100,'93091 Calle della Testa','10934','Venice',null,'IT');

Insert into LOCATIONS (LOCATION_ID,STREET_ADDRESS,POSTAL_CODE,CITY,STATE_PROVINCE,COUNTRY_ID) values (1200,'2017 Shinjuku-ku','1689','Tokyo','Tokyo Prefecture','JP');

Insert into LOCATIONS (LOCATION_ID,STREET_ADDRESS,POSTAL_CODE,CITY,STATE_PROVINCE,COUNTRY_ID) values (1300,'9450 Kamiya-cho','6823','Hiroshima',null,'JP');

Insert into LOCATIONS (LOCATION_ID,STREET_ADDRESS,POSTAL_CODE,CITY,STATE_PROVINCE,COUNTRY_ID) values (1400,'2014 Jabberwocky Rd','26192','Southlake','Texas','US');

Insert into LOCATIONS (LOCATION_ID,STREET_ADDRESS,POSTAL_CODE,CITY,STATE_PROVINCE,COUNTRY_ID) values (1500,'2011 Interiors Blvd','99236','South San Francisco','California','US');

Insert into LOCATIONS (LOCATION_ID,STREET_ADDRESS,POSTAL_CODE,CITY,STATE_PROVINCE,COUNTRY_ID) values (1600,'2007 Zagora St','50090','South Brunswick','New Jersey','US');

Insert into LOCATIONS (LOCATION_ID,STREET_ADDRESS,POSTAL_CODE,CITY,STATE_PROVINCE,COUNTRY_ID) values (1700,'2004 Charade Rd','98199','Seattle','Washington','US');

Insert into LOCATIONS (LOCATION_ID,STREET_ADDRESS,POSTAL_CODE,CITY,STATE_PROVINCE,COUNTRY_ID) values (1800,'147 Spadina Ave','M5V 2L7','Toronto','Ontario','CA');

Insert into LOCATIONS (LOCATION_ID,STREET_ADDRESS,POSTAL_CODE,CITY,STATE_PROVINCE,COUNTRY_ID) values (1900,'6092 Boxwood St','YSW 9T2','Whitehorse','Yukon','CA');

Insert into LOCATIONS (LOCATION_ID,STREET_ADDRESS,POSTAL_CODE,CITY,STATE_PROVINCE,COUNTRY_ID) values (2000,'40-5-12 Laogianggen','190518','Beijing',null,'CN');

Insert into LOCATIONS (LOCATION_ID,STREET_ADDRESS,POSTAL_CODE,CITY,STATE_PROVINCE,COUNTRY_ID) values (2100,'1298 Vileparle (E)','490231','Bombay','Maharashtra','IN');

Insert into LOCATIONS (LOCATION_ID,STREET_ADDRESS,POSTAL_CODE,CITY,STATE_PROVINCE,COUNTRY_ID) values (2200,'12-98 Victoria Street','2901','Sydney','New South Wales','AU');

Insert into LOCATIONS (LOCATION_ID,STREET_ADDRESS,POSTAL_CODE,CITY,STATE_PROVINCE,COUNTRY_ID) values (2300,'198 Clementi North','540198','Singapore',null,'SG');

Insert into LOCATIONS (LOCATION_ID,STREET_ADDRESS,POSTAL_CODE,CITY,STATE_PROVINCE,COUNTRY_ID) values (2400,'8204 Arthur St',null,'London',null,'UK');

Insert into LOCATIONS (LOCATION_ID,STREET_ADDRESS,POSTAL_CODE,CITY,STATE_PROVINCE,COUNTRY_ID) values (2500,'Magdalen Centre, The Oxford Science Park','OX9 9ZB','Oxford','Oxford','UK');

Insert into LOCATIONS (LOCATION_ID,STREET_ADDRESS,POSTAL_CODE,CITY,STATE_PROVINCE,COUNTRY_ID) values (2600,'9702 Chester Road','09629850293','Stretford','Manchester','UK');

Insert into LOCATIONS (LOCATION_ID,STREET_ADDRESS,POSTAL_CODE,CITY,STATE_PROVINCE,COUNTRY_ID) values (2700,'Schwanthalerstr. 7031','80925','Munich','Bavaria','DE');

Insert into LOCATIONS (LOCATION_ID,STREET_ADDRESS,POSTAL_CODE,CITY,STATE_PROVINCE,COUNTRY_ID) values (2800,'Rua Frei Caneca 1360 ','01307-002','Sao Paulo','Sao Paulo','BR');

Insert into LOCATIONS (LOCATION_ID,STREET_ADDRESS,POSTAL_CODE,CITY,STATE_PROVINCE,COUNTRY_ID) values (2900,'20 Rue des Corps-Saints','1730','Geneva','Geneve','CH');

Insert into LOCATIONS (LOCATION_ID,STREET_ADDRESS,POSTAL_CODE,CITY,STATE_PROVINCE,COUNTRY_ID) values (3000,'Murtenstrasse 921','3095','Bern','BE','CH');

Insert into LOCATIONS (LOCATION_ID,STREET_ADDRESS,POSTAL_CODE,CITY,STATE_PROVINCE,COUNTRY_ID) values (3100,'Pieter Breughelstraat 837','3029SK','Utrecht','Utrecht','NL');

Insert into LOCATIONS (LOCATION_ID,STREET_ADDRESS,POSTAL_CODE,CITY,STATE_PROVINCE,COUNTRY_ID) values (3200,'Mariano Escobedo 9991','11932','Mexico City','Distrito Federal,','MX');

ALTER TABLE DEPARTMENTS DISABLE TRIGGER ALL;

Insert into DEPARTMENTS (DEPARTMENT_ID,DEPARTMENT_NAME,MANAGER_ID,LOCATION_ID) values (10,'Administration',200,1700);

Insert into DEPARTMENTS (DEPARTMENT_ID,DEPARTMENT_NAME,MANAGER_ID,LOCATION_ID) values (20,'Marketing',201,1800);

Insert into DEPARTMENTS (DEPARTMENT_ID,DEPARTMENT_NAME,MANAGER_ID,LOCATION_ID) values (30,'Purchasing',114,1700);

Insert into DEPARTMENTS (DEPARTMENT_ID,DEPARTMENT_NAME,MANAGER_ID,LOCATION_ID) values (40,'Human Resources',203,2400);

Insert into DEPARTMENTS (DEPARTMENT_ID,DEPARTMENT_NAME,MANAGER_ID,LOCATION_ID) values (50,'Shipping',121,1500);

Insert into DEPARTMENTS (DEPARTMENT_ID,DEPARTMENT_NAME,MANAGER_ID,LOCATION_ID) values (60,'IT',103,1400);

Insert into DEPARTMENTS (DEPARTMENT_ID,DEPARTMENT_NAME,MANAGER_ID,LOCATION_ID) values (70,'Public Relations',204,2700);

Insert into DEPARTMENTS (DEPARTMENT_ID,DEPARTMENT_NAME,MANAGER_ID,LOCATION_ID) values (80,'Sales',145,2500);

Insert into DEPARTMENTS (DEPARTMENT_ID,DEPARTMENT_NAME,MANAGER_ID,LOCATION_ID) values (90,'Executive',100,1700);

Insert into DEPARTMENTS (DEPARTMENT_ID,DEPARTMENT_NAME,MANAGER_ID,LOCATION_ID) values (100,'Finance',108,1700);

Insert into DEPARTMENTS (DEPARTMENT_ID,DEPARTMENT_NAME,MANAGER_ID,LOCATION_ID) values (110,'Accounting',205,1700);

Insert into DEPARTMENTS (DEPARTMENT_ID,DEPARTMENT_NAME,MANAGER_ID,LOCATION_ID) values (120,'Treasury',null,1700);

Insert into DEPARTMENTS (DEPARTMENT_ID,DEPARTMENT_NAME,MANAGER_ID,LOCATION_ID) values (130,'Corporate Tax',null,1700);

Insert into DEPARTMENTS (DEPARTMENT_ID,DEPARTMENT_NAME,MANAGER_ID,LOCATION_ID) values (140,'Control And Credit',null,1700);

Insert into DEPARTMENTS (DEPARTMENT_ID,DEPARTMENT_NAME,MANAGER_ID,LOCATION_ID) values (150,'Shareholder Services',null,1700);

Insert into DEPARTMENTS (DEPARTMENT_ID,DEPARTMENT_NAME,MANAGER_ID,LOCATION_ID) values (160,'Benefits',null,1700);

Insert into DEPARTMENTS (DEPARTMENT_ID,DEPARTMENT_NAME,MANAGER_ID,LOCATION_ID) values (170,'Manufacturing',null,1700);

Insert into DEPARTMENTS (DEPARTMENT_ID,DEPARTMENT_NAME,MANAGER_ID,LOCATION_ID) values (180,'Construction',null,1700);

Insert into DEPARTMENTS (DEPARTMENT_ID,DEPARTMENT_NAME,MANAGER_ID,LOCATION_ID) values (190,'Contracting',null,1700);

Insert into DEPARTMENTS (DEPARTMENT_ID,DEPARTMENT_NAME,MANAGER_ID,LOCATION_ID) values (200,'Operations',null,1700);

Insert into DEPARTMENTS (DEPARTMENT_ID,DEPARTMENT_NAME,MANAGER_ID,LOCATION_ID) values (210,'IT Support',null,1700);

Insert into DEPARTMENTS (DEPARTMENT_ID,DEPARTMENT_NAME,MANAGER_ID,LOCATION_ID) values (220,'NOC',null,1700);

Insert into DEPARTMENTS (DEPARTMENT_ID,DEPARTMENT_NAME,MANAGER_ID,LOCATION_ID) values (230,'IT Helpdesk',null,1700);

Insert into DEPARTMENTS (DEPARTMENT_ID,DEPARTMENT_NAME,MANAGER_ID,LOCATION_ID) values (240,'Government Sales',null,1700);

Insert into DEPARTMENTS (DEPARTMENT_ID,DEPARTMENT_NAME,MANAGER_ID,LOCATION_ID) values (250,'Retail Sales',null,1700);

Insert into DEPARTMENTS (DEPARTMENT_ID,DEPARTMENT_NAME,MANAGER_ID,LOCATION_ID) values (260,'Recruiting',null,1700);

Insert into DEPARTMENTS (DEPARTMENT_ID,DEPARTMENT_NAME,MANAGER_ID,LOCATION_ID) values (270,'Payroll',null,1700);

ALTER TABLE DEPARTMENTS ENABLE TRIGGER ALL;
ALTER TABLE EMPLOYEES DISABLE TRIGGER ALL;

Insert into EMPLOYEES (EMPLOYEE_ID,FIRST_NAME,LAST_NAME,EMAIL,PHONE_NUMBER,HIRE_DATE,JOB_ID,SALARY,COMMISSION_PCT,MANAGER_ID,DEPARTMENT_ID,SALARY_HISTORY) values (100,'Steven','King','SKING','515.123.4567',to_date('17-JUN-87', 'DD-MON-YY'),'AD_PRES',24000,null,null,90,'{{592.27,815.19,563.73,436.67,124.8,481.85,2.57,60.11,557.69,754.47,724.98,637.32},{868.81,37.11,905.81,0.67,934.88,889.35,835.12,621.27,908.29,941.26,611.97,750.96},{788.34,13.28,295.01,95.5,480.06,125.29,765.1,903.15,302.83,933.36,734.9,591.49},{290.81,403.2,874.41,250.16,937.45,636.68,663.93,132.25,396.77,827.69,886.03,467.16}}');

Insert into EMPLOYEES (EMPLOYEE_ID,FIRST_NAME,LAST_NAME,EMAIL,PHONE_NUMBER,HIRE_DATE,JOB_ID,SALARY,COMMISSION_PCT,MANAGER_ID,DEPARTMENT_ID,SALARY_HISTORY) values (101,'Neena','Kochhar','NKOCHHAR','515.123.4568',to_date('21-SEP-89', 'DD-MON-YY'),'AD_VP',17000,null,100,90,'{{56.63,231.53,142.87,574.94,493.2,950.58,164.95,528.11,312.75,533.7,391.34,819.92},{514.3,941.21,373.68,723.5,458.58,687.66,984.27,358.98,653.98,122.6,372.49,630.56},{323.55,229.77,214.89,218.31,926.04,231.82,776.79,252.05,521.62,653.41,214.96,45.8},{336.84,779.24,467.45,176.66,662.89,724.95,144.69,526.2,967.46,678.34,590.41,779.33}}');

Insert into EMPLOYEES (EMPLOYEE_ID,FIRST_NAME,LAST_NAME,EMAIL,PHONE_NUMBER,HIRE_DATE,JOB_ID,SALARY,COMMISSION_PCT,MANAGER_ID,DEPARTMENT_ID,SALARY_HISTORY) values (102,'Lex','De Haan','LDEHAAN','515.123.4569',to_date('13-JAN-93', 'DD-MON-YY'),'AD_VP',17000,null,100,90,'{{122.88,63.76,769.3,828.17,380.05,729.52,53.08,382.33,278.11,340.1,846.99,971.01},{8.25,447.38,956.12,12.75,849.22,606.18,624.07,300.14,438.53,340.81,868.56,47.31},{665.86,481.01,583.88,445.32,141.11,562.13,151.49,16.19,366.64,979.84,806.14,914.14},{76.98,834.91,265.15,909.83,382.46,125.76,983.14,872.26,862.59,502.41,809.01,829.62}}');

Insert into EMPLOYEES (EMPLOYEE_ID,FIRST_NAME,LAST_NAME,EMAIL,PHONE_NUMBER,HIRE_DATE,JOB_ID,SALARY,COMMISSION_PCT,MANAGER_ID,DEPARTMENT_ID,SALARY_HISTORY) values (103,'Alexander','Hunold','AHUNOLD','590.423.4567',to_date('03-JAN-90', 'DD-MON-YY'),'IT_PROG',9000,null,102,60,'{{884.55,267.16,683.65,31.79,898.04,780.6,188.38,282.81,238.22,960.97,580.64,865.69},{223.15,964.94,424.4,198.89,537.25,998.86,227.03,391.38,487.24,274.1,129.13,958.78},{394.54,378.55,326.29,617.15,323.03,580.78,341.71,974.89,950.05,142.96,428.21,90.49},{312.64,152.93,265.4,891.39,565.87,837.7,728.88,625.86,649.17,570.56,2.66,737.17}}');

Insert into EMPLOYEES (EMPLOYEE_ID,FIRST_NAME,LAST_NAME,EMAIL,PHONE_NUMBER,HIRE_DATE,JOB_ID,SALARY,COMMISSION_PCT,MANAGER_ID,DEPARTMENT_ID,SALARY_HISTORY) values (104,'Bruce','Ernst','BERNST','590.423.4568',to_date('21-MAY-91', 'DD-MON-YY'),'IT_PROG',6000,null,103,60,'{{877.92,71.43,6.6,43.42,654.92,922.48,200.45,265.75,633.79,433.41,940.26,803.46},{547.29,637.92,65.21,634.76,415.25,813.27,143.59,865.19,553.74,156.78,894.4,951.27},{769.94,338.38,224.68,718.95,381.46,298.46,868.64,987.54,898.54,830.86,771.61,473.79},{496.66,266.18,169.05,453.41,388.66,751.73,169.2,329.63,727.71,32.34,29.95,217.57}}');

Insert into EMPLOYEES (EMPLOYEE_ID,FIRST_NAME,LAST_NAME,EMAIL,PHONE_NUMBER,HIRE_DATE,JOB_ID,SALARY,COMMISSION_PCT,MANAGER_ID,DEPARTMENT_ID,SALARY_HISTORY) values (105,'David','Austin','DAUSTIN','590.423.4569',to_date('25-JUN-97', 'DD-MON-YY'),'IT_PROG',4800,null,103,60,'{{867.44,833.87,764.86,774.98,127.42,313.52,351.27,161.13,179.58,23.44,58.19,912.14},{95.35,638.9,733.54,612.25,831.76,535.88,8.11,690.69,515.09,820.51,209.38,398.53},{567.51,578.27,326.46,815.82,294.64,696.76,156.37,791.69,934.57,569.37,934.55,153.71},{799.9,448.57,610.17,994.89,655.82,805.25,884.19,102.49,108.03,473.06,231.29,751.06}}');

Insert into EMPLOYEES (EMPLOYEE_ID,FIRST_NAME,LAST_NAME,EMAIL,PHONE_NUMBER,HIRE_DATE,JOB_ID,SALARY,COMMISSION_PCT,MANAGER_ID,DEPARTMENT_ID,SALARY_HISTORY) values (106,'Valli','Pataballa','VPATABAL','590.423.4560',to_date('05-FEB-98', 'DD-MON-YY'),'IT_PROG',4800,null,103,60,'{{938.76,401.37,235.42,841.52,495.49,705.3,46.71,737.1,872.16,226.38,531.1,831.18},{30.04,682.22,110.6,517.6,75.82,113.03,202.17,411.65,36.56,256.35,395.62,167.5},{319.2,107.91,348.68,816.72,50.61,378.77,142.09,864.69,5.37,914.48,771.07,534.94},{871.45,448.97,598.94,641.67,528.69,761.78,737.96,860.8,168.45,116.1,839.61,495.07}}');

Insert into EMPLOYEES (EMPLOYEE_ID,FIRST_NAME,LAST_NAME,EMAIL,PHONE_NUMBER,HIRE_DATE,JOB_ID,SALARY,COMMISSION_PCT,MANAGER_ID,DEPARTMENT_ID,SALARY_HISTORY) values (107,'Diana','Lorentz','DLORENTZ','590.423.5567',to_date('07-FEB-99', 'DD-MON-YY'),'IT_PROG',4200,null,103,60,'{{75.29,244.58,776.5,502.04,290.29,724.05,583.92,201.35,365.46,730.91,613.97,298.33},{713.22,809.02,164.02,470.92,68.87,319.22,119.27,503.02,190.28,647.48,472.36,70.26},{660.55,416.61,284.87,822.48,46.46,842.61,700.18,302.71,275.46,584.25,199.48,273.8},{758.32,496.99,912.79,544.24,269.67,838.34,673.54,290.1,400.05,707.52,695.96,21.64}}');

Insert into EMPLOYEES (EMPLOYEE_ID,FIRST_NAME,LAST_NAME,EMAIL,PHONE_NUMBER,HIRE_DATE,JOB_ID,SALARY,COMMISSION_PCT,MANAGER_ID,DEPARTMENT_ID,SALARY_HISTORY) values (108,'Nancy','Greenberg','NGREENBE','515.124.4569',to_date('17-AUG-94', 'DD-MON-YY'),'FI_MGR',12000,null,101,100,'{{683.45,150.69,259.38,88.79,684.65,566.99,412.1,34.42,345.66,162.79,201,517.07},{548.66,756.49,453.87,589.95,36.02,888.46,153.02,175.94,863.6,166.7,414.9,937.96},{100.64,529.41,653.13,837.87,388.61,660.51,916.37,367.3,469.95,725.13,668.48,823.24},{922.87,581.41,268.37,153.65,851.12,863.41,642.53,945.15,891.75,693.53,944.78,719.34}}');

Insert into EMPLOYEES (EMPLOYEE_ID,FIRST_NAME,LAST_NAME,EMAIL,PHONE_NUMBER,HIRE_DATE,JOB_ID,SALARY,COMMISSION_PCT,MANAGER_ID,DEPARTMENT_ID,SALARY_HISTORY) values (109,'Daniel','Faviet','DFAVIET','515.124.4169',to_date('16-AUG-94', 'DD-MON-YY'),'FI_ACCOUNT',9000,null,108,100,'{{217.6,957.38,698.73,58.05,646.42,121.25,631.33,687.15,244.56,561.46,146.93,886.71},{604.3,644.42,992.57,266.04,275.19,581.03,570.61,980.07,54.15,168.83,40.7,97.08},{352.47,506.27,743.01,936.27,543.18,65.61,861.32,506.96,759.58,47.92,782.59,566.79},{771.01,988.15,760.69,463.37,302.45,832.91,232.4,82.97,2.39,594.5,936.53,436.08}}');

Insert into EMPLOYEES (EMPLOYEE_ID,FIRST_NAME,LAST_NAME,EMAIL,PHONE_NUMBER,HIRE_DATE,JOB_ID,SALARY,COMMISSION_PCT,MANAGER_ID,DEPARTMENT_ID,SALARY_HISTORY) values (110,'John','Chen','JCHEN','515.124.4269',to_date('28-SEP-97', 'DD-MON-YY'),'FI_ACCOUNT',8200,null,108,100,'{{688.94,53.45,382.83,362.42,467.37,380.16,574.25,733.37,326.37,39.22,191.9,435.27},{582.09,1.49,112.34,958.94,506.97,947.61,570.4,71.3,917.95,422.19,439.6,851.05},{675.51,627.26,731.19,128,775.66,325.67,4.46,199.79,22.1,70.22,532.29,882.97},{574.89,732.25,290.59,189.57,732.67,43.73,395.4,700.13,657.18,529.17,917.77,823.68}}');

Insert into EMPLOYEES (EMPLOYEE_ID,FIRST_NAME,LAST_NAME,EMAIL,PHONE_NUMBER,HIRE_DATE,JOB_ID,SALARY,COMMISSION_PCT,MANAGER_ID,DEPARTMENT_ID,SALARY_HISTORY) values (111,'Ismael','Sciarra','ISCIARRA','515.124.4369',to_date('30-SEP-97', 'DD-MON-YY'),'FI_ACCOUNT',7700,null,108,100,'{{86.03,394.7,665.37,665.07,116,405.9,354.48,392.11,307.12,887.66,677.93,669.3},{675.19,815.22,239.95,874.37,337.91,540.56,130.62,741.45,939.74,873.2,337.39,365.25},{842.45,404.89,131.07,203.65,960.24,340.93,729.37,206.54,840.23,52.22,788.17,632.08},{74.1,528.78,30.34,303.58,553.02,114.39,777.37,775.63,991.56,480.35,333.08,565.56}}');

Insert into EMPLOYEES (EMPLOYEE_ID,FIRST_NAME,LAST_NAME,EMAIL,PHONE_NUMBER,HIRE_DATE,JOB_ID,SALARY,COMMISSION_PCT,MANAGER_ID,DEPARTMENT_ID,SALARY_HISTORY) values (112,'Jose Manuel','Urman','JMURMAN','515.124.4469',to_date('07-MAR-98', 'DD-MON-YY'),'FI_ACCOUNT',7800,null,108,100,'{{682.52,811.19,617.34,520.18,651.28,710.1,538.51,417.73,594.46,896.06,994.55,492.82},{610.71,521.33,116.99,495.54,926.43,460.51,639.28,709.3,972.76,866.37,330.43,933.69},{584.7,787.98,917.42,451.69,33.08,26.29,102.95,190.98,798.26,786.22,142.81,284.63},{944.41,853.5,710.82,361.7,27,760.32,971.03,739.68,230.03,393.86,430.37,184.21}}');

Insert into EMPLOYEES (EMPLOYEE_ID,FIRST_NAME,LAST_NAME,EMAIL,PHONE_NUMBER,HIRE_DATE,JOB_ID,SALARY,COMMISSION_PCT,MANAGER_ID,DEPARTMENT_ID,SALARY_HISTORY) values (113,'Luis','Popp','LPOPP','515.124.4567',to_date('07-DEC-99', 'DD-MON-YY'),'FI_ACCOUNT',6900,null,108,100,'{{375.67,402.86,946.57,426.46,699.3,605.89,805.7,626,528.08,774.62,495.97,402.37},{637.16,216.98,920.8,890,979.99,744.63,505.69,59.46,93.48,430.78,389.42,935.81},{292.53,215.75,467.69,51.84,28.47,290.37,154.9,902.16,708.54,742.11,836.77,492.48},{644.17,277.18,491.54,751.71,927.51,367.32,425.77,404.12,361.32,108.66,841.64,139.8}}');

Insert into EMPLOYEES (EMPLOYEE_ID,FIRST_NAME,LAST_NAME,EMAIL,PHONE_NUMBER,HIRE_DATE,JOB_ID,SALARY,COMMISSION_PCT,MANAGER_ID,DEPARTMENT_ID,SALARY_HISTORY) values (114,'Den','Raphaely','DRAPHEAL','515.127.4561',to_date('07-DEC-94', 'DD-MON-YY'),'PU_MAN',11000,null,100,30,'{{769.8,188.05,784.4,767.51,414.83,946.59,759.59,977.54,668.04,577.95,920.29,587.84},{377.6,120.53,939.87,28.13,436.27,950.06,109.44,810.31,107.88,482.92,228.09,638.2},{33.45,494.83,999.63,488.33,949.27,612.41,559.55,245.1,140.46,958.29,956.35,816.95},{200.9,806.96,769.03,427.5,568.29,668.43,446.55,431.65,61.22,972.5,821.37,774.87}}');

Insert into EMPLOYEES (EMPLOYEE_ID,FIRST_NAME,LAST_NAME,EMAIL,PHONE_NUMBER,HIRE_DATE,JOB_ID,SALARY,COMMISSION_PCT,MANAGER_ID,DEPARTMENT_ID,SALARY_HISTORY) values (115,'Alexander','Khoo','AKHOO','515.127.4562',to_date('18-MAY-95', 'DD-MON-YY'),'PU_CLERK',3100,null,114,30,'{{640.16,390.92,413.25,386.03,525.13,402.06,610.69,829.08,623.67,567.81,12.14,216.61},{561.18,626.31,250.5,163.52,569.21,673.1,246.53,722.19,734.92,529.89,640.34,652.03},{328.62,110.11,526.78,494.69,265.92,772.52,556.4,332,201.38,944.97,799.28,645.44},{383.17,190.94,535.82,271.39,614.07,707.24,874.69,847.46,354.22,129.94,776.07,266.2}}');

Insert into EMPLOYEES (EMPLOYEE_ID,FIRST_NAME,LAST_NAME,EMAIL,PHONE_NUMBER,HIRE_DATE,JOB_ID,SALARY,COMMISSION_PCT,MANAGER_ID,DEPARTMENT_ID,SALARY_HISTORY) values (116,'Shelli','Baida','SBAIDA','515.127.4563',to_date('24-DEC-97', 'DD-MON-YY'),'PU_CLERK',2900,null,114,30,'{{144.08,23.54,836.05,674.07,114.72,159.86,439.17,813.9,913.11,107.22,262.51,627.35},{650.23,534.42,455.07,957.69,463.41,858.72,80.98,614.7,40.27,990.69,564.1,854.8},{950.63,572.19,233.34,138.01,710.19,158.39,244.73,16.47,579.02,610.04,883.6,631.64},{956.82,623.73,83.95,174.17,821.4,261.81,659.34,179.81,894.08,102.15,792.8,848.44}}');

Insert into EMPLOYEES (EMPLOYEE_ID,FIRST_NAME,LAST_NAME,EMAIL,PHONE_NUMBER,HIRE_DATE,JOB_ID,SALARY,COMMISSION_PCT,MANAGER_ID,DEPARTMENT_ID,SALARY_HISTORY) values (117,'Sigal','Tobias','STOBIAS','515.127.4564',to_date('24-JUL-97', 'DD-MON-YY'),'PU_CLERK',2800,null,114,30,'{{158.1,904.61,317.32,648.04,53.81,752.61,197.63,410.51,936.3,318.85,500.04,133.02},{988.1,679.34,822.02,75.14,20.53,874.96,763.14,541.61,397.07,330.68,754.86,892.57},{269.38,250.72,887.95,920.59,651.21,25.29,939.4,233.33,659.14,273.05,620.35,426.74},{66.97,312.66,794.66,26.77,187.26,493.56,836.72,681,469.87,843.63,809.5,472.88}}');

Insert into EMPLOYEES (EMPLOYEE_ID,FIRST_NAME,LAST_NAME,EMAIL,PHONE_NUMBER,HIRE_DATE,JOB_ID,SALARY,COMMISSION_PCT,MANAGER_ID,DEPARTMENT_ID,SALARY_HISTORY) values (118,'Guy','Himuro','GHIMURO','515.127.4565',to_date('15-NOV-98', 'DD-MON-YY'),'PU_CLERK',2600,null,114,30,'{{734.26,925.72,301.55,203.17,369.75,94.45,413.89,512.9,88.89,247.16,945,41.92},{351.69,219.65,333.46,75.88,2.05,952.9,361.86,449.59,264.63,205.14,840.74,465.36},{811.65,520.77,565.15,266.05,118.29,365.95,773.87,88.73,574.24,444.12,169.24,568.23},{772.3,219.52,55.99,346.76,1.16,499.49,465.26,823.09,969.07,413.12,601.41,930.23}}');

Insert into EMPLOYEES (EMPLOYEE_ID,FIRST_NAME,LAST_NAME,EMAIL,PHONE_NUMBER,HIRE_DATE,JOB_ID,SALARY,COMMISSION_PCT,MANAGER_ID,DEPARTMENT_ID,SALARY_HISTORY) values (119,'Karen','Colmenares','KCOLMENA','515.127.4566',to_date('10-AUG-99', 'DD-MON-YY'),'PU_CLERK',2500,null,114,30,'{{104.88,742.32,349.79,112.8,945.43,693.84,879.82,694.25,897.52,857.62,84.17,614.6},{264.09,880.44,789.23,67.31,339.91,992.99,929.62,894.37,341.27,477.42,997.14,680.51},{397.25,605.96,109.04,410.28,281.95,367.46,954.53,689.9,197.62,595.11,660.26,997.56},{667.86,383.47,453.09,225.51,755.09,112.31,19.66,868.16,708.59,844.41,597.62,918.08}}');

Insert into EMPLOYEES (EMPLOYEE_ID,FIRST_NAME,LAST_NAME,EMAIL,PHONE_NUMBER,HIRE_DATE,JOB_ID,SALARY,COMMISSION_PCT,MANAGER_ID,DEPARTMENT_ID,SALARY_HISTORY) values (120,'Matthew','Weiss','MWEISS','650.123.1234',to_date('18-JUL-96', 'DD-MON-YY'),'ST_MAN',8000,null,100,50,'{{700.02,489.6,965.06,314.32,427.43,928.64,697.91,59.21,16.49,639.76,295.11,573.27},{783.81,283.09,169.69,616.18,697.36,162.71,331.12,393.84,910.14,546.28,758.79,783.56},{981.75,142.44,585.91,187.36,539.28,400.87,288.5,426.27,63.38,853.72,528.92,968.15},{163.92,657.59,125.39,79.69,493.04,500.17,849.51,131.49,824.41,839.24,490.71,799.97}}');

Insert into EMPLOYEES (EMPLOYEE_ID,FIRST_NAME,LAST_NAME,EMAIL,PHONE_NUMBER,HIRE_DATE,JOB_ID,SALARY,COMMISSION_PCT,MANAGER_ID,DEPARTMENT_ID,SALARY_HISTORY) values (121,'Adam','Fripp','AFRIPP','650.123.2234',to_date('10-APR-97', 'DD-MON-YY'),'ST_MAN',8200,null,100,50,'{{980.24,233.89,780.22,955.57,329.34,560.62,45.8,661.56,183.94,261.44,467.9,531.06},{346.07,965.44,456.97,103.51,222.34,190.05,633.26,556.79,186.27,616.86,515.95,567.98},{225.05,693.38,451.78,378.97,964.2,469.84,714.74,196.91,514.48,918.29,429.72,462.87},{847.06,3.57,813.16,91.1,740.13,662.7,719.13,838.21,315.37,112.72,470.43,512.86}}');

Insert into EMPLOYEES (EMPLOYEE_ID,FIRST_NAME,LAST_NAME,EMAIL,PHONE_NUMBER,HIRE_DATE,JOB_ID,SALARY,COMMISSION_PCT,MANAGER_ID,DEPARTMENT_ID,SALARY_HISTORY) values (122,'Payam','Kaufling','PKAUFLIN','650.123.3234',to_date('01-MAY-95', 'DD-MON-YY'),'ST_MAN',7900,null,100,50,'{{965.34,5.03,291.51,44.38,96.14,42.65,977.15,924.11,877.37,541.29,758.08,664.98},{363.49,272.64,465.65,40.19,959.62,618.19,413.01,169.92,206.06,866.98,4.32,966.93},{281.21,682.25,305.7,469.37,249.16,621.62,945.72,199.68,559.88,743.35,558.23,892.69},{386.23,208.22,16.18,180.29,961.75,536.64,953,168.47,821.67,324.79,970.83,849.42}}');

Insert into EMPLOYEES (EMPLOYEE_ID,FIRST_NAME,LAST_NAME,EMAIL,PHONE_NUMBER,HIRE_DATE,JOB_ID,SALARY,COMMISSION_PCT,MANAGER_ID,DEPARTMENT_ID,SALARY_HISTORY) values (123,'Shanta','Vollman','SVOLLMAN','650.123.4234',to_date('10-OCT-97', 'DD-MON-YY'),'ST_MAN',6500,null,100,50,'{{861.69,697.24,572.9,263.27,219.69,350.7,135.01,27.73,50.77,923.8,52.84,531.46},{604.16,197.82,184.37,164.86,179.3,806.73,702.47,280.66,639.1,130.51,309.32,304.7},{122.9,357.54,744.02,254.53,680.97,592.29,306.33,999.71,789.37,754.19,807.71,216.73},{262.94,881.98,736.73,360.71,321.27,840.93,493.65,22.62,238.02,904.03,143.37,678.28}}');

Insert into EMPLOYEES (EMPLOYEE_ID,FIRST_NAME,LAST_NAME,EMAIL,PHONE_NUMBER,HIRE_DATE,JOB_ID,SALARY,COMMISSION_PCT,MANAGER_ID,DEPARTMENT_ID,SALARY_HISTORY) values (124,'Kevin','Mourgos','KMOURGOS','650.123.5234',to_date('16-NOV-99', 'DD-MON-YY'),'ST_MAN',5800,null,100,50,'{{494.17,35.18,405.15,184.88,161.94,293.4,288.17,307.86,825.19,585.03,568.31,558.05},{203.29,16.7,94.32,101.21,201.52,921.5,647.97,540.93,901.45,392.89,748.52,949.46},{953.24,115.4,910.65,313.57,138.82,907.17,555.7,195.42,587.72,518.59,303.98,601.67},{881.55,881.79,56.92,920.76,777.56,671.16,128.66,124.91,99.68,541.83,423.39,922.61}}');

Insert into EMPLOYEES (EMPLOYEE_ID,FIRST_NAME,LAST_NAME,EMAIL,PHONE_NUMBER,HIRE_DATE,JOB_ID,SALARY,COMMISSION_PCT,MANAGER_ID,DEPARTMENT_ID,SALARY_HISTORY) values (125,'Julia','Nayer','JNAYER','650.124.1214',to_date('16-JUL-97', 'DD-MON-YY'),'ST_CLERK',3200,null,120,50,'{{502.13,210.65,95.58,726.79,571.51,738.69,209.89,489.55,507.93,473.48,955.54,499.39},{449.72,309.05,837.05,663.04,605.91,820.23,354.52,394.69,643.23,757.8,804.05,293.74},{404.06,595.69,705.43,510.01,177.62,793.8,669.58,854.18,189.18,960.41,728.14,53.58},{528.02,122.98,839.88,953.31,778.14,841.8,903.28,640.47,780.04,469.43,924.89,670.2}}');

Insert into EMPLOYEES (EMPLOYEE_ID,FIRST_NAME,LAST_NAME,EMAIL,PHONE_NUMBER,HIRE_DATE,JOB_ID,SALARY,COMMISSION_PCT,MANAGER_ID,DEPARTMENT_ID,SALARY_HISTORY) values (126,'Irene','Mikkilineni','IMIKKILI','650.124.1224',to_date('28-SEP-98', 'DD-MON-YY'),'ST_CLERK',2700,null,120,50,'{{529.87,189.14,836.57,678.68,159.22,435.58,89.29,582.18,516.95,337.02,849.56,254.64},{526.78,358.29,889.8,243.01,288.14,388.08,305.02,998.03,555.51,786.28,740.28,964.22},{903.02,264.35,688.62,597.08,136.48,408.84,682.66,116.27,481.16,538.27,271.55,665.37},{327,835.01,775.4,235.21,945.93,562.17,8.68,636.83,990.11,943.68,519.07,442.39}}');

Insert into EMPLOYEES (EMPLOYEE_ID,FIRST_NAME,LAST_NAME,EMAIL,PHONE_NUMBER,HIRE_DATE,JOB_ID,SALARY,COMMISSION_PCT,MANAGER_ID,DEPARTMENT_ID,SALARY_HISTORY) values (127,'James','Landry','JLANDRY','650.124.1334',to_date('14-JAN-99', 'DD-MON-YY'),'ST_CLERK',2400,null,120,50,'{{116.47,900.57,982.47,256.83,170.2,530.57,355.66,869.57,487.97,984.9,799.49,489.24},{869.92,529.4,965.99,345.4,898.24,816.32,149.59,500.73,989.13,713.19,137.3,383.86},{176.05,214.33,972.97,558.77,7.92,461.34,393.77,732.14,581.55,598.36,876.86,877.02},{120.97,717.27,789.13,214.7,890.56,633.49,244.53,985.9,470.98,67.98,689.21,486.12}}');

Insert into EMPLOYEES (EMPLOYEE_ID,FIRST_NAME,LAST_NAME,EMAIL,PHONE_NUMBER,HIRE_DATE,JOB_ID,SALARY,COMMISSION_PCT,MANAGER_ID,DEPARTMENT_ID,SALARY_HISTORY) values (128,'Steven','Markle','SMARKLE','650.124.1434',to_date('08-MAR-00', 'DD-MON-YY'),'ST_CLERK',2200,null,120,50,'{{771.83,217.91,394.78,403.63,160.29,417.65,833.57,473,646.67,375.43,215.83,796.04},{377.35,108.95,934.62,611.87,685.73,972.71,430.74,70.74,800.09,724.83,121.68,440.37},{66.15,313.66,137.78,178.95,975.21,702.06,544.48,193.92,277.78,516.5,583.8,250.74},{756.61,509.24,947.77,107.46,653.27,523.78,490.14,529.5,934.91,205.16,216.67,24.82}}');

Insert into EMPLOYEES (EMPLOYEE_ID,FIRST_NAME,LAST_NAME,EMAIL,PHONE_NUMBER,HIRE_DATE,JOB_ID,SALARY,COMMISSION_PCT,MANAGER_ID,DEPARTMENT_ID,SALARY_HISTORY) values (129,'Laura','Bissot','LBISSOT','650.124.5234',to_date('20-AUG-97', 'DD-MON-YY'),'ST_CLERK',3300,null,121,50,'{{25.98,545.53,698.54,913.01,686.9,355.82,499.67,855.09,646.61,660.14,638.83,79.24},{168.87,17.26,812.3,504.04,448.95,476.48,749.64,166.91,14.62,24.46,79.17,950.25},{230.49,826.82,637.92,988.34,529.34,53.06,4.71,923.8,495.68,418.82,250.32,689.15},{893.63,592.43,174.08,741.16,613.28,784.9,826.71,205.28,241.87,712.16,522.55,205.66}}');

Insert into EMPLOYEES (EMPLOYEE_ID,FIRST_NAME,LAST_NAME,EMAIL,PHONE_NUMBER,HIRE_DATE,JOB_ID,SALARY,COMMISSION_PCT,MANAGER_ID,DEPARTMENT_ID,SALARY_HISTORY) values (130,'Mozhe','Atkinson','MATKINSO','650.124.6234',to_date('30-OCT-97', 'DD-MON-YY'),'ST_CLERK',2800,null,121,50,'{{459.15,233.16,549.85,526.84,128.6,772.5,438.72,601.33,40.07,496.72,392.87,343},{107.06,754.3,803.77,592.47,39.91,164.19,555.81,285.64,247.47,446.87,893.73,345.98},{142.7,748.55,315.25,518.13,900.37,465.06,946.6,988.4,985.21,451.65,770.56,964.58},{324.03,181.53,389.72,531.76,993.52,662.51,838.79,203.09,916.56,229.31,727.93,680.49}}');

Insert into EMPLOYEES (EMPLOYEE_ID,FIRST_NAME,LAST_NAME,EMAIL,PHONE_NUMBER,HIRE_DATE,JOB_ID,SALARY,COMMISSION_PCT,MANAGER_ID,DEPARTMENT_ID,SALARY_HISTORY) values (131,'James','Marlow','JAMRLOW','650.124.7234',to_date('16-FEB-97', 'DD-MON-YY'),'ST_CLERK',2500,null,121,50,'{{961.54,263.78,652.96,512.09,871.52,72.53,696.75,605.83,361.87,247.04,971.25,734.13},{445.51,269.52,404.2,648.79,774.44,470.75,359.43,822.49,847.47,430.91,215.36,349.25},{174.24,110.19,58.23,225.45,214.04,148.27,60.98,764.8,949.53,219.17,623.42,344.28},{37.67,917.33,41.86,948.07,937.99,467.27,908.17,112.59,229.61,496.09,802.07,327.65}}');

Insert into EMPLOYEES (EMPLOYEE_ID,FIRST_NAME,LAST_NAME,EMAIL,PHONE_NUMBER,HIRE_DATE,JOB_ID,SALARY,COMMISSION_PCT,MANAGER_ID,DEPARTMENT_ID,SALARY_HISTORY) values (132,'TJ','Olson','TJOLSON','650.124.8234',to_date('10-APR-99', 'DD-MON-YY'),'ST_CLERK',2100,null,121,50,'{{75.47,694.57,926.53,23.16,711.49,575.73,681.55,294.16,365.22,488.6,897.75,238.86},{367.52,845.25,7.89,945.65,184.07,659.69,453.21,283.72,599.91,154.09,411.03,451.71},{91.87,87.08,232.62,553.31,764.04,877.15,277.62,148.36,477.58,417.79,304.72,828.15},{176.23,96.47,966.65,732.37,49.02,577.21,872.46,313.96,836.58,875.71,329.98,148.46}}');

Insert into EMPLOYEES (EMPLOYEE_ID,FIRST_NAME,LAST_NAME,EMAIL,PHONE_NUMBER,HIRE_DATE,JOB_ID,SALARY,COMMISSION_PCT,MANAGER_ID,DEPARTMENT_ID,SALARY_HISTORY) values (133,'Jason','Mallin','JMALLIN','650.127.1934',to_date('14-JUN-96', 'DD-MON-YY'),'ST_CLERK',3300,null,122,50,'{{47.1,384.39,102.98,87.19,114.42,380.24,607.94,905.15,580.78,462.28,226.76,106.48},{415.34,844.08,639.76,186.46,859.69,715.11,867.3,258.94,659.82,116.27,160.8,853.15},{428.34,933.74,398.72,157.17,635.12,68.01,922.41,350.79,331.56,313.91,975.59,897.22},{994.09,527.92,101.73,376.86,476.22,563.26,833.04,864.98,131.06,214.55,412.18,706.92}}');

Insert into EMPLOYEES (EMPLOYEE_ID,FIRST_NAME,LAST_NAME,EMAIL,PHONE_NUMBER,HIRE_DATE,JOB_ID,SALARY,COMMISSION_PCT,MANAGER_ID,DEPARTMENT_ID,SALARY_HISTORY) values (134,'Michael','Rogers','MROGERS','650.127.1834',to_date('26-AUG-98', 'DD-MON-YY'),'ST_CLERK',2900,null,122,50,'{{293.23,320.27,325.1,255.09,439.63,310.75,838.42,1.04,165.77,509.94,836.69,984.49},{347.58,164.4,647.59,927.77,527.74,445.05,659.12,289.7,37.17,993.04,286.47,67.53},{0.11,573.67,48.47,823.73,68.89,448.1,462.69,692.32,95.1,757.27,803.31,962.96},{970.71,466.99,774.15,210.8,853.38,412.54,111.2,716.36,635.64,891.36,853.66,888.54}}');

Insert into EMPLOYEES (EMPLOYEE_ID,FIRST_NAME,LAST_NAME,EMAIL,PHONE_NUMBER,HIRE_DATE,JOB_ID,SALARY,COMMISSION_PCT,MANAGER_ID,DEPARTMENT_ID,SALARY_HISTORY) values (135,'Ki','Gee','KGEE','650.127.1734',to_date('12-DEC-99', 'DD-MON-YY'),'ST_CLERK',2400,null,122,50,'{{480.39,393.53,669.11,491.28,1.97,263.34,527.45,712.52,788.8,155.77,753.11,813.62},{669.31,363.65,418.34,463.68,825.68,146.22,145.95,102.35,588.11,609.11,486.08,8.57},{713.98,899.92,821.33,857.96,755.47,243.91,848.73,762.71,499.78,597.62,144.23,488.31},{900.99,940.6,106.77,456.66,632.46,714.04,534.23,75.8,285.56,616.76,320.15,405.32}}');

Insert into EMPLOYEES (EMPLOYEE_ID,FIRST_NAME,LAST_NAME,EMAIL,PHONE_NUMBER,HIRE_DATE,JOB_ID,SALARY,COMMISSION_PCT,MANAGER_ID,DEPARTMENT_ID,SALARY_HISTORY) values (136,'Hazel','Philtanker','HPHILTAN','650.127.1634',to_date('06-FEB-00', 'DD-MON-YY'),'ST_CLERK',2200,null,122,50,'{{756.98,989.34,768.76,295.16,302.93,248.46,185.9,154.75,902.78,2.36,26.34,72.93},{376.29,376.51,796.39,497.17,937.52,680.07,522.27,26,896.31,667.05,188.42,524.1},{989.9,660.21,724.64,946.47,349.17,322.22,721.77,34.72,674.64,506.91,117.08,85.54},{641.5,427.84,794.28,331.3,230.1,618.42,387.2,354.09,756.59,927.55,277.32,970.52}}');

Insert into EMPLOYEES (EMPLOYEE_ID,FIRST_NAME,LAST_NAME,EMAIL,PHONE_NUMBER,HIRE_DATE,JOB_ID,SALARY,COMMISSION_PCT,MANAGER_ID,DEPARTMENT_ID,SALARY_HISTORY) values (137,'Renske','Ladwig','RLADWIG','650.121.1234',to_date('14-JUL-95', 'DD-MON-YY'),'ST_CLERK',3600,null,123,50,'{{812.85,806.64,73.5,764.97,529.26,407.94,711.1,765.69,228.01,793.25,597.44,291.48},{192.74,788.76,810.07,966.57,477.16,242.9,259.82,769.69,769.51,540.08,561.27,42.04},{439.35,712.29,429.12,232.27,426.22,458.82,387.08,734.21,383.47,805.23,465.04,473.2},{760.82,2.52,533.08,974.94,43.01,704.22,37.47,226.03,641.1,260.79,493.25,651.49}}');

Insert into EMPLOYEES (EMPLOYEE_ID,FIRST_NAME,LAST_NAME,EMAIL,PHONE_NUMBER,HIRE_DATE,JOB_ID,SALARY,COMMISSION_PCT,MANAGER_ID,DEPARTMENT_ID,SALARY_HISTORY) values (138,'Stephen','Stiles','SSTILES','650.121.2034',to_date('26-OCT-97', 'DD-MON-YY'),'ST_CLERK',3200,null,123,50,'{{364.75,268.28,819.86,777.87,352.78,105.75,327.77,880.2,112.29,445.04,169.86,606.86},{311.11,155.87,770.15,910.13,630.51,147.06,597.93,201.19,463.63,231.28,230.04,898.76},{20.74,562.33,803.43,131.44,109.03,476.38,797.73,993.7,288.74,162.49,700.53,234.32},{515.37,623.07,825.77,113.28,449.85,134.99,995.88,94.09,337.54,235.6,34.55,428.19}}');

Insert into EMPLOYEES (EMPLOYEE_ID,FIRST_NAME,LAST_NAME,EMAIL,PHONE_NUMBER,HIRE_DATE,JOB_ID,SALARY,COMMISSION_PCT,MANAGER_ID,DEPARTMENT_ID,SALARY_HISTORY) values (139,'John','Seo','JSEO','650.121.2019',to_date('12-FEB-98', 'DD-MON-YY'),'ST_CLERK',2700,null,123,50,'{{363.82,359.96,446.79,161.38,917.48,885.93,972.85,886.28,922.93,91.41,208.55,633.52},{43.58,771.89,898.06,902.28,359.87,971.98,262.66,927.08,486.99,979.82,258.38,379.41},{300.62,824.3,86.66,888.28,339.75,800.48,141.5,285.95,673.68,497.81,964.81,875.43},{689.16,399.83,867.65,641.84,402.37,823.04,868.4,286.11,59.34,242,450.22,290.06}}');

Insert into EMPLOYEES (EMPLOYEE_ID,FIRST_NAME,LAST_NAME,EMAIL,PHONE_NUMBER,HIRE_DATE,JOB_ID,SALARY,COMMISSION_PCT,MANAGER_ID,DEPARTMENT_ID,SALARY_HISTORY) values (140,'Joshua','Patel','JPATEL','650.121.1834',to_date('06-APR-98', 'DD-MON-YY'),'ST_CLERK',2500,null,123,50,'{{276.52,745.95,336.2,136.74,282.16,904.45,482.98,646.36,80.67,274.35,789.61,151.84},{359.18,102.57,272.59,129.31,747.31,802.13,719.11,2.66,865.28,500.56,556.35,702.36},{409.3,170.04,814.47,226.27,248.77,591.34,420.96,329.87,778.23,206.9,387.42,365.45},{636.06,183.32,776.45,469.61,313.62,572.91,965.28,291.73,457.92,361.44,430.61,628.71}}');

Insert into EMPLOYEES (EMPLOYEE_ID,FIRST_NAME,LAST_NAME,EMAIL,PHONE_NUMBER,HIRE_DATE,JOB_ID,SALARY,COMMISSION_PCT,MANAGER_ID,DEPARTMENT_ID,SALARY_HISTORY) values (141,'Trenna','Rajs','TRAJS','650.121.8009',to_date('17-OCT-95', 'DD-MON-YY'),'ST_CLERK',3500,null,124,50,'{{175.31,475.96,438.34,998.18,987.83,278.33,913.56,401.07,151.29,310.48,711.26,805.84},{150.87,160.14,240.67,924.99,389.39,679.58,372.69,904.21,338.65,793.36,772.45,169.37},{185.21,435.29,397.89,103.67,731.28,491.01,108.1,361.34,869.86,632.13,117.05,59.32},{826.26,246.26,60.02,461.09,272.19,516.97,452.93,406.39,972.75,468.68,787.44,594.24}}');

Insert into EMPLOYEES (EMPLOYEE_ID,FIRST_NAME,LAST_NAME,EMAIL,PHONE_NUMBER,HIRE_DATE,JOB_ID,SALARY,COMMISSION_PCT,MANAGER_ID,DEPARTMENT_ID,SALARY_HISTORY) values (142,'Curtis','Davies','CDAVIES','650.121.2994',to_date('29-JAN-97', 'DD-MON-YY'),'ST_CLERK',3100,null,124,50,'{{847.18,792.64,204.01,622.83,532.7,268.71,551.15,189.45,152.12,469.71,156.74,380.04},{843.39,896.58,41.51,337.45,72.34,96.43,904.7,76.78,77.03,189.36,782.11,870.57},{280.21,541.53,604.86,307.99,825.53,541.42,709.83,112.07,330.93,169.72,974.48,547.78},{162.04,573.78,183.82,379.13,252.5,543.4,328.29,408.45,175.05,689.65,551.04,17.28}}');

Insert into EMPLOYEES (EMPLOYEE_ID,FIRST_NAME,LAST_NAME,EMAIL,PHONE_NUMBER,HIRE_DATE,JOB_ID,SALARY,COMMISSION_PCT,MANAGER_ID,DEPARTMENT_ID,SALARY_HISTORY) values (143,'Randall','Matos','RMATOS','650.121.2874',to_date('15-MAR-98', 'DD-MON-YY'),'ST_CLERK',2600,null,124,50,'{{179.48,717.59,648.58,130.38,640.54,877.37,95.18,199.84,842.95,986.38,424.24,77.2},{679.59,851.63,796.75,636.87,637.92,752.07,0.67,76.26,628.74,556.74,554.22,386.89},{535.36,222.05,889.2,605.42,956.48,346.81,267.41,719.94,810.28,814.94,354.14,143.46},{725.07,565.13,950,113.11,492.39,414.56,964.21,70.09,948.73,432.1,147.46,932.82}}');

Insert into EMPLOYEES (EMPLOYEE_ID,FIRST_NAME,LAST_NAME,EMAIL,PHONE_NUMBER,HIRE_DATE,JOB_ID,SALARY,COMMISSION_PCT,MANAGER_ID,DEPARTMENT_ID,SALARY_HISTORY) values (144,'Peter','Vargas','PVARGAS','650.121.2004',to_date('09-JUL-98', 'DD-MON-YY'),'ST_CLERK',2500,null,124,50,'{{171.19,468.07,351.13,244.42,165.18,282.82,435.33,866.61,988.57,117.88,677.01,304.42},{55.15,166.41,30.2,679.25,823.53,491.75,343.9,31.78,404.23,187.26,340,930.63},{176.33,95.65,430.3,766.09,673.2,448.41,102.67,270.54,762.6,581.23,42.98,124.45},{132.98,193.73,938.07,791.76,521.04,218.9,67.52,38.24,111.31,223.53,116.09,267.93}}');

Insert into EMPLOYEES (EMPLOYEE_ID,FIRST_NAME,LAST_NAME,EMAIL,PHONE_NUMBER,HIRE_DATE,JOB_ID,SALARY,COMMISSION_PCT,MANAGER_ID,DEPARTMENT_ID,SALARY_HISTORY) values (145,'John','Russell','JRUSSEL','011.44.1344.429268',to_date('01-OCT-96', 'DD-MON-YY'),'SA_MAN',14000,0.4,100,80,'{{25.48,527.35,23.04,704.84,681.71,642.17,144.49,795.44,754.56,10.04,924.67,635.45},{582.44,413.05,864.18,826.3,601.17,115.29,89.96,690.15,604.35,821.04,731.59,390.88},{323.52,872.4,491.08,64.38,909.37,833.77,504.15,685.12,612.9,658.93,159.85,592.38},{278.72,114.48,271.08,337.38,17.87,269.44,617.8,798.52,699.65,447.48,86.98,569.78}}');

Insert into EMPLOYEES (EMPLOYEE_ID,FIRST_NAME,LAST_NAME,EMAIL,PHONE_NUMBER,HIRE_DATE,JOB_ID,SALARY,COMMISSION_PCT,MANAGER_ID,DEPARTMENT_ID,SALARY_HISTORY) values (146,'Karen','Partners','KPARTNER','011.44.1344.467268',to_date('05-JAN-97', 'DD-MON-YY'),'SA_MAN',13500,0.3,100,80,'{{383.37,697.01,292.63,460.1,424.93,163.46,316.58,923.05,622.48,624.62,166.14,26},{576.8,912.54,1.2,862.69,940.92,505.27,23.89,229.79,210.57,146.77,198.33,12.08},{333,658.73,512.03,297.79,475.18,901.02,753.52,382.42,566.29,734.51,951.53,506.23},{640.43,231.12,451.1,621.95,604.72,946.47,116.8,97.83,327.65,880.53,787,498.93}}');

Insert into EMPLOYEES (EMPLOYEE_ID,FIRST_NAME,LAST_NAME,EMAIL,PHONE_NUMBER,HIRE_DATE,JOB_ID,SALARY,COMMISSION_PCT,MANAGER_ID,DEPARTMENT_ID,SALARY_HISTORY) values (147,'Alberto','Errazuriz','AERRAZUR','011.44.1344.429278',to_date('10-MAR-97', 'DD-MON-YY'),'SA_MAN',12000,0.3,100,80,'{{498.61,395.34,226.74,543.93,420.82,944.71,537.91,459.23,711.65,995.83,173.71,35.94},{331.42,463.09,206.62,398.18,596.11,674.62,894.47,638.33,675.2,906.59,526.07,345.45},{839.17,849.92,834.96,246.08,487.41,862.36,605.76,369.27,431.42,39.13,765.47,634.62},{873.74,140.49,31.64,927.01,475.18,884.34,829.61,199.55,351.92,908.6,278.36,544.23}}');

Insert into EMPLOYEES (EMPLOYEE_ID,FIRST_NAME,LAST_NAME,EMAIL,PHONE_NUMBER,HIRE_DATE,JOB_ID,SALARY,COMMISSION_PCT,MANAGER_ID,DEPARTMENT_ID,SALARY_HISTORY) values (148,'Gerald','Cambrault','GCAMBRAU','011.44.1344.619268',to_date('15-OCT-99', 'DD-MON-YY'),'SA_MAN',11000,0.3,100,80,'{{912.52,980.31,809.48,547.47,304.08,986.06,846.61,936.3,84.93,308.14,786.41,822.96},{169.02,119.87,515.04,542.75,887.75,774.18,999.34,819,554.06,93.77,750.7,213.7},{225.6,505.27,163.88,524.15,806.66,531.97,19.89,182.24,150.18,979.8,878.33,96.66},{517.03,446.06,626.49,585.49,444.11,801.46,793.11,790.44,389.94,755.87,930.22,8.52}}');

Insert into EMPLOYEES (EMPLOYEE_ID,FIRST_NAME,LAST_NAME,EMAIL,PHONE_NUMBER,HIRE_DATE,JOB_ID,SALARY,COMMISSION_PCT,MANAGER_ID,DEPARTMENT_ID,SALARY_HISTORY) values (149,'Eleni','Zlotkey','EZLOTKEY','011.44.1344.429018',to_date('29-JAN-00', 'DD-MON-YY'),'SA_MAN',10500,0.2,100,80,'{{671.82,240.14,502.19,785.77,83.09,740.99,766.98,240.03,196.85,663.01,513.85,47.54},{623.38,876.69,518.08,269.34,772.02,852.14,223.75,666.81,456.71,545.56,125.7,929.89},{883.32,520.85,838.71,181.96,551.32,104.47,317.5,320,650.53,253.22,80.77,60.51},{458.06,37.98,386.63,834.05,388.37,625.71,387.21,764.24,844.49,673.29,528.54,473.82}}');

Insert into EMPLOYEES (EMPLOYEE_ID,FIRST_NAME,LAST_NAME,EMAIL,PHONE_NUMBER,HIRE_DATE,JOB_ID,SALARY,COMMISSION_PCT,MANAGER_ID,DEPARTMENT_ID,SALARY_HISTORY) values (150,'Peter','Tucker','PTUCKER','011.44.1344.129268',to_date('30-JAN-97', 'DD-MON-YY'),'SA_REP',10000,0.3,145,80,'{{937,294.82,418.73,650.63,276.28,158.38,677.9,83.92,786.41,415.19,806.52,214.21},{818.05,833.94,967.9,752.99,486.89,692.41,569.91,537.39,944.56,735.08,137.14,300.05},{477.77,842.98,781.87,841.39,511.5,925.51,598.49,641.11,457.93,475.08,893.99,863.51},{942.72,434.76,933.75,833.92,686.98,556.53,167.2,540.04,238.93,501.85,735.97,754.33}}');

Insert into EMPLOYEES (EMPLOYEE_ID,FIRST_NAME,LAST_NAME,EMAIL,PHONE_NUMBER,HIRE_DATE,JOB_ID,SALARY,COMMISSION_PCT,MANAGER_ID,DEPARTMENT_ID,SALARY_HISTORY) values (151,'David','Bernstein','DBERNSTE','011.44.1344.345268',to_date('24-MAR-97', 'DD-MON-YY'),'SA_REP',9500,0.25,145,80,'{{984.1,306.3,723.34,73.52,745.57,393,814.38,882.22,382.8,346.73,684.47,518.48},{543.95,470.76,634.03,560.58,57.55,196.94,326.28,348.98,981.72,253.99,334.24,661.34},{778.77,692.71,726.67,247.87,398.55,986.22,790.23,258.2,278.57,999.94,403.92,261.57},{873.75,987.59,230.34,714,213.14,972.56,935.62,179.91,470.88,868.14,519.6,145.53}}');

Insert into EMPLOYEES (EMPLOYEE_ID,FIRST_NAME,LAST_NAME,EMAIL,PHONE_NUMBER,HIRE_DATE,JOB_ID,SALARY,COMMISSION_PCT,MANAGER_ID,DEPARTMENT_ID,SALARY_HISTORY) values (152,'Peter','Hall','PHALL','011.44.1344.478968',to_date('20-AUG-97', 'DD-MON-YY'),'SA_REP',9000,0.25,145,80,'{{488.89,539.04,623.41,44.61,628.23,975.58,78.69,685.57,458.42,696.52,98.35,561.87},{972.58,859.58,411.75,817.72,871.54,384.11,879.74,85.19,376.66,230.37,176.84,831.22},{342.22,69.75,412.82,393.03,82.93,875.08,377.1,789.11,564.61,489.2,520.27,779.31},{530.9,145.83,282.38,197.52,502.44,504.27,794.87,523.2,626.91,522.16,197.56,271.6}}');

Insert into EMPLOYEES (EMPLOYEE_ID,FIRST_NAME,LAST_NAME,EMAIL,PHONE_NUMBER,HIRE_DATE,JOB_ID,SALARY,COMMISSION_PCT,MANAGER_ID,DEPARTMENT_ID,SALARY_HISTORY) values (153,'Christopher','Olsen','COLSEN','011.44.1344.498718',to_date('30-MAR-98', 'DD-MON-YY'),'SA_REP',8000,0.2,145,80,'{{901.63,211.54,203.78,317.66,524.89,714.18,932.29,629.61,184.97,214.49,207,615.53},{379.72,397.58,823.02,708.55,587.87,882.32,686.29,421.54,554.67,991.49,648.45,251.04},{817.88,395.12,264.14,77.56,215.32,548.09,282.26,377.82,47.45,765.97,970.75,223.95},{449.86,886.65,295.16,157.99,208.92,501.37,426.16,720.38,861.37,875.82,222.41,821.64}}');

Insert into EMPLOYEES (EMPLOYEE_ID,FIRST_NAME,LAST_NAME,EMAIL,PHONE_NUMBER,HIRE_DATE,JOB_ID,SALARY,COMMISSION_PCT,MANAGER_ID,DEPARTMENT_ID,SALARY_HISTORY) values (154,'Nanette','Cambrault','NCAMBRAU','011.44.1344.987668',to_date('09-DEC-98', 'DD-MON-YY'),'SA_REP',7500,0.2,145,80,'{{87.08,789.28,788.15,32.19,307.74,608.66,394.81,839.65,449.87,449.62,973.96,509.32},{0.58,208.79,344.81,635.01,563.06,557.71,957.06,7.53,215.89,907.53,239.62,211.09},{488.97,733.84,109.87,366.21,938.2,761.56,314.35,421.76,820.33,858.43,966.22,776.04},{139.91,357.47,634.31,564.04,47.68,799.18,56.87,947.63,747.16,830.88,833.65,295.07}}');

Insert into EMPLOYEES (EMPLOYEE_ID,FIRST_NAME,LAST_NAME,EMAIL,PHONE_NUMBER,HIRE_DATE,JOB_ID,SALARY,COMMISSION_PCT,MANAGER_ID,DEPARTMENT_ID,SALARY_HISTORY) values (155,'Oliver','Tuvault','OTUVAULT','011.44.1344.486508',to_date('23-NOV-99', 'DD-MON-YY'),'SA_REP',7000,0.15,145,80,'{{897.73,368.56,812.36,194.96,141.88,691.5,52.5,147.02,530.74,728.47,905.74,815.29},{740.56,721.57,328.88,257.66,113.13,885.12,673.72,683.98,378.17,989.08,860.81,650.07},{338.76,569.08,421.99,455.9,342.38,932.25,391.32,863,327.76,940.77,518.97,482.09},{479.62,268.96,516.2,208.67,762.3,503.39,381.6,99.02,579.45,398.14,379.34,998.57}}');

Insert into EMPLOYEES (EMPLOYEE_ID,FIRST_NAME,LAST_NAME,EMAIL,PHONE_NUMBER,HIRE_DATE,JOB_ID,SALARY,COMMISSION_PCT,MANAGER_ID,DEPARTMENT_ID,SALARY_HISTORY) values (156,'Janette','King','JKING','011.44.1345.429268',to_date('30-JAN-96', 'DD-MON-YY'),'SA_REP',10000,0.35,146,80,'{{698.76,783.11,761.87,536.71,910.6,579.55,795.97,610.99,190.67,605.55,560.22,921.63},{459.59,766.11,301.16,745.96,91.67,915.57,383.06,846.08,598.47,430.95,115.96,874.96},{566.41,541.04,499.91,592.27,872.43,460.7,431.4,425.51,525.88,755.97,176.01,824.37},{999.91,533.9,30.01,610.18,627.45,387.12,183,876.97,901.95,554.68,486.89,533.75}}');

Insert into EMPLOYEES (EMPLOYEE_ID,FIRST_NAME,LAST_NAME,EMAIL,PHONE_NUMBER,HIRE_DATE,JOB_ID,SALARY,COMMISSION_PCT,MANAGER_ID,DEPARTMENT_ID,SALARY_HISTORY) values (157,'Patrick','Sully','PSULLY','011.44.1345.929268',to_date('04-MAR-96', 'DD-MON-YY'),'SA_REP',9500,0.35,146,80,'{{648.57,453.03,702.82,767.24,158.92,783.26,943.65,832.35,482.33,667.9,611.63,787.44},{874.44,355.88,19.84,428.15,913.89,958.55,315.42,113.49,920.57,94.5,494.93,239.94},{269.52,962.95,514.88,681.88,319.57,633.04,994.14,225.11,242.35,794.87,562.77,794.92},{536.15,205.76,852.8,270.87,22.49,450.76,161.7,567.13,322.57,77.73,558.35,832.85}}');

Insert into EMPLOYEES (EMPLOYEE_ID,FIRST_NAME,LAST_NAME,EMAIL,PHONE_NUMBER,HIRE_DATE,JOB_ID,SALARY,COMMISSION_PCT,MANAGER_ID,DEPARTMENT_ID,SALARY_HISTORY) values (158,'Allan','McEwen','AMCEWEN','011.44.1345.829268',to_date('01-AUG-96', 'DD-MON-YY'),'SA_REP',9000,0.35,146,80,'{{937.97,312.41,893.38,936.05,532.64,478.77,39.73,663.43,837.06,490.98,499.3,300.47},{326.03,33.36,621.26,30.3,545.51,305.93,791.36,586.34,468.24,922.27,415.35,284.66},{506.42,719.77,787.87,784.4,388.1,818.72,0.08,448.91,42.05,330.27,531.83,620.38},{34.41,981.3,659.13,925.82,642.3,130.09,753.44,942.95,889.78,579.61,499.27,258.32}}');

Insert into EMPLOYEES (EMPLOYEE_ID,FIRST_NAME,LAST_NAME,EMAIL,PHONE_NUMBER,HIRE_DATE,JOB_ID,SALARY,COMMISSION_PCT,MANAGER_ID,DEPARTMENT_ID,SALARY_HISTORY) values (159,'Lindsey','Smith','LSMITH','011.44.1345.729268',to_date('10-MAR-97', 'DD-MON-YY'),'SA_REP',8000,0.3,146,80,'{{854.75,735.1,452.06,839.39,321.18,503.51,756.79,386.57,810.62,963.54,755.3,999.91},{472.09,954.33,846.86,424.65,213.84,502.81,592.36,161.34,858.36,693.75,727.36,892.9},{466.93,632.52,957.96,985.39,277.54,570.2,12.53,800.52,630.61,557.07,483.39,433.72},{20.33,555.47,605.63,716.98,772.75,10.38,770.95,327.43,842.67,583.53,153.8,83.46}}');

Insert into EMPLOYEES (EMPLOYEE_ID,FIRST_NAME,LAST_NAME,EMAIL,PHONE_NUMBER,HIRE_DATE,JOB_ID,SALARY,COMMISSION_PCT,MANAGER_ID,DEPARTMENT_ID,SALARY_HISTORY) values (160,'Louise','Doran','LDORAN','011.44.1345.629268',to_date('15-DEC-97', 'DD-MON-YY'),'SA_REP',7500,0.3,146,80,'{{901.34,530.52,376.41,887.9,214.23,238.78,612.52,256.14,894.35,553.46,151.68,378.52},{684.98,680.61,238.19,607.81,508.92,489.07,209.94,671.05,455.28,130.16,882.06,987.34},{408.15,812.26,886.55,148.54,987.14,943.14,475.36,980.21,703.95,387.24,946.64,392.28},{23.51,162.32,669.16,239.92,261.97,59.97,84.51,804.89,811.98,168.1,872.05,347.84}}');

Insert into EMPLOYEES (EMPLOYEE_ID,FIRST_NAME,LAST_NAME,EMAIL,PHONE_NUMBER,HIRE_DATE,JOB_ID,SALARY,COMMISSION_PCT,MANAGER_ID,DEPARTMENT_ID,SALARY_HISTORY) values (161,'Sarath','Sewall','SSEWALL','011.44.1345.529268',to_date('03-NOV-98', 'DD-MON-YY'),'SA_REP',7000,0.25,146,80,'{{790.98,133.31,726.79,640.51,493.53,574.31,613.87,238.28,233.86,605.64,874.02,736.99},{91.29,150.75,725.52,571.29,213.71,239.69,461.74,813.52,399.63,100.01,960.31,296.66},{898.28,470.98,456.54,558.5,102.09,949.86,664.02,552.71,82.32,611.08,604.32,912.34},{350.36,534.83,746.51,365.89,924.83,826.06,935.11,385.25,907.4,536.18,112.28,690.43}}');

Insert into EMPLOYEES (EMPLOYEE_ID,FIRST_NAME,LAST_NAME,EMAIL,PHONE_NUMBER,HIRE_DATE,JOB_ID,SALARY,COMMISSION_PCT,MANAGER_ID,DEPARTMENT_ID,SALARY_HISTORY) values (162,'Clara','Vishney','CVISHNEY','011.44.1346.129268',to_date('11-NOV-97', 'DD-MON-YY'),'SA_REP',10500,0.25,147,80,'{{689.87,651.11,443.63,586.09,881.51,632.07,143.99,636.77,951.59,741.84,949.69,709.6},{185.48,824.79,526.07,597.93,40.86,380.14,663.84,351.66,946.82,206.61,754.85,720.45},{574.05,646.51,267.49,633.08,73.83,300.68,886.28,769.21,847.72,19.23,883.69,513.78},{131.42,803.16,480.57,726.63,622.11,471.77,977.97,787.3,271.46,37.65,822.67,387.92}}');

Insert into EMPLOYEES (EMPLOYEE_ID,FIRST_NAME,LAST_NAME,EMAIL,PHONE_NUMBER,HIRE_DATE,JOB_ID,SALARY,COMMISSION_PCT,MANAGER_ID,DEPARTMENT_ID,SALARY_HISTORY) values (163,'Danielle','Greene','DGREENE','011.44.1346.229268',to_date('19-MAR-99', 'DD-MON-YY'),'SA_REP',9500,0.15,147,80,'{{908.84,327.05,931.74,90.98,175.77,656.42,446.81,374.98,674.89,641.67,512.88,122.91},{166.91,447.58,254.61,928.69,274.17,475.63,411.15,485.01,265.1,630.5,229.6,381.73},{471.39,910.61,69.64,540.67,394.75,58.26,446.57,653.99,575.15,618.34,566.2,901.58},{35.81,358,360.62,167.42,432.74,870.82,257.53,779.64,960.94,586.16,784.34,649.02}}');

Insert into EMPLOYEES (EMPLOYEE_ID,FIRST_NAME,LAST_NAME,EMAIL,PHONE_NUMBER,HIRE_DATE,JOB_ID,SALARY,COMMISSION_PCT,MANAGER_ID,DEPARTMENT_ID,SALARY_HISTORY) values (164,'Mattea','Marvins','MMARVINS','011.44.1346.329268',to_date('24-JAN-00', 'DD-MON-YY'),'SA_REP',7200,0.1,147,80,'{{890.59,640.9,584.54,102.06,38.4,235.77,767.64,792.8,795.96,217.9,200.47,590.68},{824.77,451.82,905.37,647.49,129.22,734.37,138.88,166.15,511.29,274.31,692.44,64},{39.31,849.63,776.32,593.5,548.88,407.07,177.75,19.55,663.09,525.66,503.67,732.05},{865.41,318.72,846.81,890.5,652.97,602.05,909.95,706.29,930.61,228.88,873.34,320.42}}');

Insert into EMPLOYEES (EMPLOYEE_ID,FIRST_NAME,LAST_NAME,EMAIL,PHONE_NUMBER,HIRE_DATE,JOB_ID,SALARY,COMMISSION_PCT,MANAGER_ID,DEPARTMENT_ID,SALARY_HISTORY) values (165,'David','Lee','DLEE','011.44.1346.529268',to_date('23-FEB-00', 'DD-MON-YY'),'SA_REP',6800,0.1,147,80,'{{358.13,521.06,666.14,749.7,301.29,574.23,372.27,209.17,374.56,546.07,116.48,708.18},{901.3,106.06,251.91,962.31,387.15,252.32,212.47,3.54,963.13,851.66,338.38,866.42},{117.93,678.98,788.75,60.74,389.72,437.2,554.52,229.5,817.33,34.35,551.1,843.29},{320,383.68,509.13,402.05,83.62,1.83,17.68,504.41,57.23,354.8,347.3,404.29}}');

Insert into EMPLOYEES (EMPLOYEE_ID,FIRST_NAME,LAST_NAME,EMAIL,PHONE_NUMBER,HIRE_DATE,JOB_ID,SALARY,COMMISSION_PCT,MANAGER_ID,DEPARTMENT_ID,SALARY_HISTORY) values (166,'Sundar','Ande','SANDE','011.44.1346.629268',to_date('24-MAR-00', 'DD-MON-YY'),'SA_REP',6400,0.1,147,80,'{{182.37,80.32,512.86,170.26,463.95,480.35,849.34,226.87,178.97,954.25,260.45,635.14},{507.57,554.38,672.49,348.71,990.53,868.64,290.62,401.02,886.26,251.01,457.88,440.67},{103.03,501.01,348.28,510.32,747.99,122.02,251.55,856.36,193.86,147.83,778.92,753.65},{321.1,638.92,299.17,851.32,535.11,198.38,389.46,525.22,290.42,148.79,882.25,964.27}}');

Insert into EMPLOYEES (EMPLOYEE_ID,FIRST_NAME,LAST_NAME,EMAIL,PHONE_NUMBER,HIRE_DATE,JOB_ID,SALARY,COMMISSION_PCT,MANAGER_ID,DEPARTMENT_ID,SALARY_HISTORY) values (167,'Amit','Banda','ABANDA','011.44.1346.729268',to_date('21-APR-00', 'DD-MON-YY'),'SA_REP',6200,0.1,147,80,'{{719.51,332.5,822.52,886.33,707.51,522.51,188.82,453.3,284.29,178.14,313.8,156.9},{349.62,197.94,69.81,689.77,921.93,112.98,344.17,748.05,200.83,42.78,464.68,334.42},{143.92,462.96,97.73,927.88,787.61,778.7,779.9,233.22,720.02,669.81,968.36,529.04},{110.14,263.92,246.72,96.25,195.19,684.87,151.79,414.12,54.47,103.25,628.7,64.07}}');

Insert into EMPLOYEES (EMPLOYEE_ID,FIRST_NAME,LAST_NAME,EMAIL,PHONE_NUMBER,HIRE_DATE,JOB_ID,SALARY,COMMISSION_PCT,MANAGER_ID,DEPARTMENT_ID,SALARY_HISTORY) values (168,'Lisa','Ozer','LOZER','011.44.1343.929268',to_date('11-MAR-97', 'DD-MON-YY'),'SA_REP',11500,0.25,148,80,'{{19.18,646.2,15.87,973.89,666.37,948.89,834.49,236.99,861.81,668.96,592.44,744.14},{418.35,479.29,785.73,817.27,208.15,701.74,410.29,391.12,110.8,319.52,53.86,77.05},{839.41,688.07,5.24,937.93,879.55,957.58,136.5,864.08,576.45,618.6,496.78,244.77},{34.67,306.05,374.29,885.36,199.16,913.14,484.34,782.76,728.73,497.02,330.45,195.27}}');

Insert into EMPLOYEES (EMPLOYEE_ID,FIRST_NAME,LAST_NAME,EMAIL,PHONE_NUMBER,HIRE_DATE,JOB_ID,SALARY,COMMISSION_PCT,MANAGER_ID,DEPARTMENT_ID,SALARY_HISTORY) values (169,'Harrison','Bloom','HBLOOM','011.44.1343.829268',to_date('23-MAR-98', 'DD-MON-YY'),'SA_REP',10000,0.2,148,80,'{{555.7,580.12,250.3,0.37,329.33,530.7,212.76,964.93,61.34,511.79,492.31,66.95},{88.39,625.78,864.47,321.25,590.5,792.07,620.68,133.68,464.54,321.83,360.52,215.71},{456.15,871.58,4.59,185.38,888.53,686.73,730.51,931.45,583.21,889.36,641.96,255.05},{20.78,347.94,13.06,826.91,597.21,467.08,974.26,31.9,824.42,205.24,207.71,169.36}}');

Insert into EMPLOYEES (EMPLOYEE_ID,FIRST_NAME,LAST_NAME,EMAIL,PHONE_NUMBER,HIRE_DATE,JOB_ID,SALARY,COMMISSION_PCT,MANAGER_ID,DEPARTMENT_ID,SALARY_HISTORY) values (170,'Tayler','Fox','TFOX','011.44.1343.729268',to_date('24-JAN-98', 'DD-MON-YY'),'SA_REP',9600,0.2,148,80,'{{390.68,599.65,250.62,263.57,721.5,8.68,185.53,323.22,30.71,262.79,600.48,981.53},{271.56,840.6,886.3,890.97,643.3,293.31,793.86,690.87,774.63,519.04,193.22,430.27},{404.7,708.56,147.71,575.73,573.95,314.26,438.84,223.7,492.96,966.63,606.76,747.91},{78,127.71,529.4,655.19,649.69,929.51,526.64,918.58,750.52,174.6,503.61,210.71}}');

Insert into EMPLOYEES (EMPLOYEE_ID,FIRST_NAME,LAST_NAME,EMAIL,PHONE_NUMBER,HIRE_DATE,JOB_ID,SALARY,COMMISSION_PCT,MANAGER_ID,DEPARTMENT_ID,SALARY_HISTORY) values (171,'William','Smith','WSMITH','011.44.1343.629268',to_date('23-FEB-99', 'DD-MON-YY'),'SA_REP',7400,0.15,148,80,'{{180.23,810.2,94.63,373.73,686.03,198.68,976.87,383.39,331.52,827.3,746.49,622.77},{568.75,950.07,879.23,131.8,140.59,628.77,808,923.97,555.84,319.8,745.07,895.51},{914.52,605.53,133.5,498.69,796.91,555.31,246.74,247.44,344.45,1.28,664.88,182.19},{179.99,306.01,544.05,6.25,960.11,670.56,97.93,144.06,181.93,839.48,314.28,221.35}}');

Insert into EMPLOYEES (EMPLOYEE_ID,FIRST_NAME,LAST_NAME,EMAIL,PHONE_NUMBER,HIRE_DATE,JOB_ID,SALARY,COMMISSION_PCT,MANAGER_ID,DEPARTMENT_ID,SALARY_HISTORY) values (172,'Elizabeth','Bates','EBATES','011.44.1343.529268',to_date('24-MAR-99', 'DD-MON-YY'),'SA_REP',7300,0.15,148,80,'{{84.08,321.72,563.51,682.88,561.17,746.81,936.16,158.85,257.87,282.47,555.35,906.71},{906.38,598.76,638.56,464.12,485.54,384.17,789.24,153.04,835.37,999.22,337.95,973.87},{960.07,804.09,50.23,480.72,579.97,970.92,987.78,621.15,860.68,481.91,801.19,900.13},{37.49,30.69,513.86,544.44,975.97,483.94,329.37,155.77,51.32,632.26,567.83,918.46}}');

Insert into EMPLOYEES (EMPLOYEE_ID,FIRST_NAME,LAST_NAME,EMAIL,PHONE_NUMBER,HIRE_DATE,JOB_ID,SALARY,COMMISSION_PCT,MANAGER_ID,DEPARTMENT_ID,SALARY_HISTORY) values (173,'Sundita','Kumar','SKUMAR','011.44.1343.329268',to_date('21-APR-00', 'DD-MON-YY'),'SA_REP',6100,0.1,148,80,'{{905.05,42.42,861.08,117.12,586.23,143.36,120.89,427.46,226.3,40.48,592.31,429.51},{610.96,295.12,415,801.59,667.07,395,520.81,564.8,140.6,651.85,811.35,769.53},{987.35,973.37,589.1,81.23,822.05,978.77,146.96,113.51,396.93,656.52,446.37,627.42},{321.09,805.43,741.56,92.89,10.87,887.36,700.73,435.1,932.84,517.32,461.69,540.23}}');

Insert into EMPLOYEES (EMPLOYEE_ID,FIRST_NAME,LAST_NAME,EMAIL,PHONE_NUMBER,HIRE_DATE,JOB_ID,SALARY,COMMISSION_PCT,MANAGER_ID,DEPARTMENT_ID,SALARY_HISTORY) values (174,'Ellen','Abel','EABEL','011.44.1644.429267',to_date('11-MAY-96', 'DD-MON-YY'),'SA_REP',11000,0.3,149,80,'{{281.96,453.2,541.58,454.04,484.75,507.26,691.48,513.75,634.27,919.14,259.44,808.05},{729.11,126.69,302.08,854.81,254.84,659.73,101.17,505.38,259.76,898.11,49.54,659.43},{601.25,918.69,677.83,655.57,391.21,250.94,185.97,524.72,889.27,582.73,971.27,497.91},{834.66,382.65,985.27,4.42,357.39,266.13,73.01,278.84,974.63,69.48,384.76,149.89}}');

Insert into EMPLOYEES (EMPLOYEE_ID,FIRST_NAME,LAST_NAME,EMAIL,PHONE_NUMBER,HIRE_DATE,JOB_ID,SALARY,COMMISSION_PCT,MANAGER_ID,DEPARTMENT_ID,SALARY_HISTORY) values (175,'Alyssa','Hutton','AHUTTON','011.44.1644.429266',to_date('19-MAR-97', 'DD-MON-YY'),'SA_REP',8800,0.25,149,80,'{{143.59,689.68,545.67,239.91,150.69,238.37,994.47,86.91,521.38,102.5,341.46,930.77},{885.26,717.8,558.73,632.95,197.34,321.01,32.12,301.48,271.41,272.85,107.09,563.1},{237.52,62.76,275.08,567.98,709.91,67.62,342.32,255.24,921.75,826.5,850.02,135.42},{225.02,444.88,381.07,295.55,533.46,677.57,328.29,173.72,828.59,566.42,970.75,153.48}}');

Insert into EMPLOYEES (EMPLOYEE_ID,FIRST_NAME,LAST_NAME,EMAIL,PHONE_NUMBER,HIRE_DATE,JOB_ID,SALARY,COMMISSION_PCT,MANAGER_ID,DEPARTMENT_ID,SALARY_HISTORY) values (176,'Jonathon','Taylor','JTAYLOR','011.44.1644.429265',to_date('24-MAR-98', 'DD-MON-YY'),'SA_REP',8600,0.2,149,80,'{{300.57,874.54,413.54,742.38,557.4,911.99,285.7,605.38,53.35,2.7,268.91,650.51},{105.49,456.23,926.18,649.22,248.05,331.28,995.91,841.68,887.19,128.37,141.3,626.71},{218.05,960.77,282.31,888.49,870.47,165.47,309.97,646.8,404.31,661.04,293.25,70.01},{519.81,992.13,113.69,180.02,835.89,933.9,195.26,309.74,864.55,217.65,942.75,320.2}}');

Insert into EMPLOYEES (EMPLOYEE_ID,FIRST_NAME,LAST_NAME,EMAIL,PHONE_NUMBER,HIRE_DATE,JOB_ID,SALARY,COMMISSION_PCT,MANAGER_ID,DEPARTMENT_ID,SALARY_HISTORY) values (177,'Jack','Livingston','JLIVINGS','011.44.1644.429264',to_date('23-APR-98', 'DD-MON-YY'),'SA_REP',8400,0.2,149,80,'{{198.99,307.38,617.01,242.43,971.45,498.3,157.23,196.93,774.2,738.48,893.61,481.33},{484.78,266.49,239.08,901.68,24.66,523.92,578.61,667.55,561.81,768.04,716.8,493.96},{272.54,332.46,3.19,41.91,519.38,396.41,788.11,700.52,265.53,567.11,754.3,625.73},{214.54,519.72,28.95,519.71,804.87,638.45,192.66,432.59,305.15,868.23,428.95,174.75}}');

Insert into EMPLOYEES (EMPLOYEE_ID,FIRST_NAME,LAST_NAME,EMAIL,PHONE_NUMBER,HIRE_DATE,JOB_ID,SALARY,COMMISSION_PCT,MANAGER_ID,DEPARTMENT_ID,SALARY_HISTORY) values (178,'Kimberely','Grant','KGRANT','011.44.1644.429263',to_date('24-MAY-99', 'DD-MON-YY'),'SA_REP',7000,0.15,149,null,'{{960.89,814.87,482.22,112.06,652.42,511.28,662.56,268.62,747.96,203.37,448.9,879.54},{20.11,953.49,855.55,306.36,934.23,565.59,735.46,666.66,955.37,593.28,689.69,106.13},{431,833.06,227.41,188.83,578.18,595.63,955.12,105,34.29,173.11,962.47,760.51},{801.98,76.74,751.87,392.23,165.87,891.31,336.3,484.72,395.32,882.53,362.62,736.76}}');

Insert into EMPLOYEES (EMPLOYEE_ID,FIRST_NAME,LAST_NAME,EMAIL,PHONE_NUMBER,HIRE_DATE,JOB_ID,SALARY,COMMISSION_PCT,MANAGER_ID,DEPARTMENT_ID,SALARY_HISTORY) values (179,'Charles','Johnson','CJOHNSON','011.44.1644.429262',to_date('04-JAN-00', 'DD-MON-YY'),'SA_REP',6200,0.1,149,80,'{{200.87,183.97,236.46,51.42,37.28,515.62,745.73,372.75,224.41,299.77,170.51,311.26},{857.14,670.12,110.64,920.21,665.28,132.59,348.91,793.21,752.68,841.05,713.97,277.36},{893.39,168.9,408.06,396.16,459.71,78.48,461.81,881.19,234.86,808.64,863.18,72.99},{968.5,659.37,511.18,954.82,744.91,348.28,624.97,138.59,800.36,139.23,819.2,768.8}}');

Insert into EMPLOYEES (EMPLOYEE_ID,FIRST_NAME,LAST_NAME,EMAIL,PHONE_NUMBER,HIRE_DATE,JOB_ID,SALARY,COMMISSION_PCT,MANAGER_ID,DEPARTMENT_ID,SALARY_HISTORY) values (180,'Winston','Taylor','WTAYLOR','650.507.9876',to_date('24-JAN-98', 'DD-MON-YY'),'SH_CLERK',3200,null,120,50,'{{435.24,479.05,300.63,511.04,62.83,770.69,961.86,446.57,763.4,754.7,641.68,189.52},{266.85,535.07,143.75,894.61,482.1,403.87,518.68,468.3,437.63,168.44,828.05,639.22},{991.73,156.68,179.33,303.57,434.63,942.31,504.56,978.59,546.81,652.96,969.14,737.01},{274.75,965.94,691.32,579,677.39,465.36,981.18,563.16,557.04,108.06,652.85,334.09}}');

Insert into EMPLOYEES (EMPLOYEE_ID,FIRST_NAME,LAST_NAME,EMAIL,PHONE_NUMBER,HIRE_DATE,JOB_ID,SALARY,COMMISSION_PCT,MANAGER_ID,DEPARTMENT_ID,SALARY_HISTORY) values (181,'Jean','Fleaur','JFLEAUR','650.507.9877',to_date('23-FEB-98', 'DD-MON-YY'),'SH_CLERK',3100,null,120,50,'{{453.43,160.09,313.02,893.96,465.36,38.96,768.17,952.87,88.53,11.12,384.91,184.44},{588.05,985.43,79.55,386.11,579.23,635.64,402.31,746.12,714.31,285.69,406.06,843.04},{808.61,474.84,918.62,863.58,320.71,6.51,69.52,927.37,952.03,771.79,518.83,27.16},{951.85,188.21,418.3,464.86,77.06,991.09,637.71,403.9,22.17,670.02,579.8,709.82}}');

Insert into EMPLOYEES (EMPLOYEE_ID,FIRST_NAME,LAST_NAME,EMAIL,PHONE_NUMBER,HIRE_DATE,JOB_ID,SALARY,COMMISSION_PCT,MANAGER_ID,DEPARTMENT_ID,SALARY_HISTORY) values (182,'Martha','Sullivan','MSULLIVA','650.507.9878',to_date('21-JUN-99', 'DD-MON-YY'),'SH_CLERK',2500,null,120,50,'{{358.93,555.69,462.3,564.63,437.61,763.54,243.23,570.4,265.63,643.08,593.63,445.41},{572.46,581.57,519.76,751.85,649.1,946.76,95.47,911.53,663.8,11.33,109.6,683.04},{913.03,521.9,349.25,115.49,779.24,952.37,288.15,789.56,592.93,496.59,364.28,92.28},{539.86,256.23,700.96,131.5,965.56,670.38,355.18,329.32,664.91,99.09,138.04,885.42}}');

Insert into EMPLOYEES (EMPLOYEE_ID,FIRST_NAME,LAST_NAME,EMAIL,PHONE_NUMBER,HIRE_DATE,JOB_ID,SALARY,COMMISSION_PCT,MANAGER_ID,DEPARTMENT_ID,SALARY_HISTORY) values (183,'Girard','Geoni','GGEONI','650.507.9879',to_date('03-FEB-00', 'DD-MON-YY'),'SH_CLERK',2800,null,120,50,'{{879.22,41.92,974.38,860.83,246.61,62.16,668.14,403.85,309.3,439.9,910.3,368.34},{487.01,515.25,691.45,665.8,761.11,837.65,531.85,950.44,843.57,533.21,193.65,222.88},{346.82,692.53,87.95,200.6,781.29,451.38,788.22,460.54,246.74,108.13,114.19,614.22},{805.89,157.3,567.33,321.69,795.68,880.3,948.64,679.7,221.74,88.9,672.92,472.67}}');

Insert into EMPLOYEES (EMPLOYEE_ID,FIRST_NAME,LAST_NAME,EMAIL,PHONE_NUMBER,HIRE_DATE,JOB_ID,SALARY,COMMISSION_PCT,MANAGER_ID,DEPARTMENT_ID,SALARY_HISTORY) values (184,'Nandita','Sarchand','NSARCHAN','650.509.1876',to_date('27-JAN-96', 'DD-MON-YY'),'SH_CLERK',4200,null,121,50,'{{257.74,90.73,28.02,771.97,967.3,294.05,71.61,247.99,120.46,395.67,496.67,43.22},{612.01,30.98,761.44,334.32,750.36,256.1,534.47,358.93,592.16,821.64,406.02,630.43},{242.61,641.63,264.99,632.87,311.28,805.51,960.52,257.06,862.69,826.61,705.52,493.83},{485.92,229.16,290.61,725.55,543.67,627.37,680.44,56.21,524.56,163.93,867.95,82.89}}');

Insert into EMPLOYEES (EMPLOYEE_ID,FIRST_NAME,LAST_NAME,EMAIL,PHONE_NUMBER,HIRE_DATE,JOB_ID,SALARY,COMMISSION_PCT,MANAGER_ID,DEPARTMENT_ID,SALARY_HISTORY) values (185,'Alexis','Bull','ABULL','650.509.2876',to_date('20-FEB-97', 'DD-MON-YY'),'SH_CLERK',4100,null,121,50,'{{690.66,365.49,621.06,284.95,983.4,82.54,757.43,739.12,583.21,782.83,421.69,669.86},{173.28,771.19,294.89,334.89,291.71,450.68,551.98,846.96,812.59,57.04,813.46,861.8},{461.32,306.38,694.77,56.03,458.48,760.06,821.39,0.54,112.42,710.32,274.12,775.7},{728.74,820.91,95.27,691.13,424.66,887,296.45,718.64,151.64,108.41,700.86,319.43}}');

Insert into EMPLOYEES (EMPLOYEE_ID,FIRST_NAME,LAST_NAME,EMAIL,PHONE_NUMBER,HIRE_DATE,JOB_ID,SALARY,COMMISSION_PCT,MANAGER_ID,DEPARTMENT_ID,SALARY_HISTORY) values (186,'Julia','Dellinger','JDELLING','650.509.3876',to_date('24-JUN-98', 'DD-MON-YY'),'SH_CLERK',3400,null,121,50,'{{606.36,473.3,757.2,730.49,550.97,237.9,822.37,455.34,868.06,325.81,893.69,552.11},{427.22,366.74,873.03,457.22,49.1,470.73,71.5,12.42,619.89,296.37,859.7,389.16},{833.57,294.55,44.97,856.55,295.52,636.68,473.53,937.16,557.47,699.04,319.22,287.28},{337.6,979.66,801.93,367.61,552.96,626.16,116.19,637.63,678.58,35.46,835.66,51.24}}');

Insert into EMPLOYEES (EMPLOYEE_ID,FIRST_NAME,LAST_NAME,EMAIL,PHONE_NUMBER,HIRE_DATE,JOB_ID,SALARY,COMMISSION_PCT,MANAGER_ID,DEPARTMENT_ID,SALARY_HISTORY) values (187,'Anthony','Cabrio','ACABRIO','650.509.4876',to_date('07-FEB-99', 'DD-MON-YY'),'SH_CLERK',3000,null,121,50,'{{466.34,884.8,785.35,722.05,40.81,107.48,3.71,181.73,646.82,850.92,857.73,642.86},{831.48,109.62,129.8,391.53,657.45,98.81,797.53,199.19,876.74,630.73,515.07,905.29},{366.1,728.11,132.49,38.28,912.05,150.04,986.7,123.29,529.19,872.31,527.39,295.37},{436.71,988.52,757.29,351.4,990.01,907.34,882.25,865.37,89.25,947.55,435.04,486.06}}');

Insert into EMPLOYEES (EMPLOYEE_ID,FIRST_NAME,LAST_NAME,EMAIL,PHONE_NUMBER,HIRE_DATE,JOB_ID,SALARY,COMMISSION_PCT,MANAGER_ID,DEPARTMENT_ID,SALARY_HISTORY) values (188,'Kelly','Chung','KCHUNG','650.505.1876',to_date('14-JUN-97', 'DD-MON-YY'),'SH_CLERK',3800,null,122,50,'{{637.66,385.47,1.15,354.81,833.88,475.87,903.83,45.01,327.33,643.18,642.39,301.84},{766.3,740.99,87.12,720.02,64.01,937.39,19.64,328.54,806.59,639.77,658.84,861.43},{359.12,559.96,797.26,890.44,908.76,398.16,36.35,896.94,69.71,184.61,331.74,363.01},{648.54,461.22,584.67,817.18,742.6,113.82,302.56,194.75,360.39,73.47,787.4,420.92}}');

Insert into EMPLOYEES (EMPLOYEE_ID,FIRST_NAME,LAST_NAME,EMAIL,PHONE_NUMBER,HIRE_DATE,JOB_ID,SALARY,COMMISSION_PCT,MANAGER_ID,DEPARTMENT_ID,SALARY_HISTORY) values (189,'Jennifer','Dilly','JDILLY','650.505.2876',to_date('13-AUG-97', 'DD-MON-YY'),'SH_CLERK',3600,null,122,50,'{{977.57,373.39,587.92,614.93,841.34,205.71,11.67,880.54,134.13,889.84,342.46,222.48},{461.91,525.21,660.68,262.53,638.67,710.02,501.36,302.26,727.61,433.1,23.65,265.65},{273.45,210.27,615.05,75.39,87.72,562.66,137.24,41.97,63.87,856.74,715.18,963.81},{876.16,886.1,444.3,566.84,364.67,405.23,569,15.67,998.7,249.52,559.93,441.41}}');

Insert into EMPLOYEES (EMPLOYEE_ID,FIRST_NAME,LAST_NAME,EMAIL,PHONE_NUMBER,HIRE_DATE,JOB_ID,SALARY,COMMISSION_PCT,MANAGER_ID,DEPARTMENT_ID,SALARY_HISTORY) values (190,'Timothy','Gates','TGATES','650.505.3876',to_date('11-JUL-98', 'DD-MON-YY'),'SH_CLERK',2900,null,122,50,'{{612.42,997.53,263.07,698.21,90.91,954.75,631.39,976.29,987.48,117.57,489.79,874.85},{898.71,679.22,680.38,341.77,55.31,317.55,980.74,417.01,534.05,78.93,878.95,370.87},{67.89,931.03,750.02,639.3,82.8,832.47,207.94,452.49,958.33,509.2,709.94,866.56},{744.89,568.73,933.01,695.57,542.24,425.92,726.39,574.94,891.92,357.73,328.85,175.92}}');

Insert into EMPLOYEES (EMPLOYEE_ID,FIRST_NAME,LAST_NAME,EMAIL,PHONE_NUMBER,HIRE_DATE,JOB_ID,SALARY,COMMISSION_PCT,MANAGER_ID,DEPARTMENT_ID,SALARY_HISTORY) values (191,'Randall','Perkins','RPERKINS','650.505.4876',to_date('19-DEC-99', 'DD-MON-YY'),'SH_CLERK',2500,null,122,50,'{{532.42,571.38,665.31,854.62,441.21,939.35,206.65,676.51,675.41,11.99,842.53,547.31},{684.39,786.19,180.93,814.56,413.26,920.15,557.71,630.62,843.11,82.98,821.09,928.75},{417.29,517.35,774.63,792.8,65.83,744.19,548.15,611.4,794.31,324.61,575.7,781.15},{638.69,624.32,268.94,662.81,367.45,472.46,135.09,321.91,138.34,72.68,714.76,828.67}}');

Insert into EMPLOYEES (EMPLOYEE_ID,FIRST_NAME,LAST_NAME,EMAIL,PHONE_NUMBER,HIRE_DATE,JOB_ID,SALARY,COMMISSION_PCT,MANAGER_ID,DEPARTMENT_ID,SALARY_HISTORY) values (192,'Sarah','Bell','SBELL','650.501.1876',to_date('04-FEB-96', 'DD-MON-YY'),'SH_CLERK',4000,null,123,50,'{{861.77,203.87,858.08,907.21,319.69,354.98,618.17,595.74,757.55,650.47,367.05,320.52},{597.05,336.39,501.56,251.1,946.15,92.71,121.25,218.76,616.55,478.27,626.44,933.93},{835.13,818.9,742.21,84.23,368.91,273.74,601.94,306.11,396.8,309.55,508.87,744.01},{641.09,883.19,24.92,447.61,327.77,201.54,374.85,654.3,162.83,75.47,337.04,281.16}}');

Insert into EMPLOYEES (EMPLOYEE_ID,FIRST_NAME,LAST_NAME,EMAIL,PHONE_NUMBER,HIRE_DATE,JOB_ID,SALARY,COMMISSION_PCT,MANAGER_ID,DEPARTMENT_ID,SALARY_HISTORY) values (193,'Britney','Everett','BEVERETT','650.501.2876',to_date('03-MAR-97', 'DD-MON-YY'),'SH_CLERK',3900,null,123,50,'{{974.71,891.04,605.76,101.88,151.75,49.54,453.64,867.15,169.74,893,26.49,550.18},{388.33,922.03,280.07,605.27,153.04,312.42,18.93,151.72,74.4,637.65,166.03,540.87},{978.67,806.23,314.99,702.15,590.95,893.05,251.86,543.65,838.79,97.15,440.3,212.38},{366.37,669.21,607.9,432.31,7.4,592.38,419.42,424.76,481.15,532.08,729.15,50.47}}');

Insert into EMPLOYEES (EMPLOYEE_ID,FIRST_NAME,LAST_NAME,EMAIL,PHONE_NUMBER,HIRE_DATE,JOB_ID,SALARY,COMMISSION_PCT,MANAGER_ID,DEPARTMENT_ID,SALARY_HISTORY) values (194,'Samuel','McCain','SMCCAIN','650.501.3876',to_date('01-JUL-98', 'DD-MON-YY'),'SH_CLERK',3200,null,123,50,'{{316.19,142.73,783.62,998.31,820.69,437.97,568.74,777.61,322.41,80.08,794.15,918.57},{538.81,237.41,118.82,983.72,5.17,676.63,268.44,470.03,894.63,246.55,947.53,887.95},{444.37,555.72,913.45,378.48,580.29,937.41,937.83,442.14,888.86,888.4,165.82,75.5},{957.64,61.4,625.88,639.09,695.77,79.23,707.22,249.06,959.03,119.88,616.85,140.29}}');

Insert into EMPLOYEES (EMPLOYEE_ID,FIRST_NAME,LAST_NAME,EMAIL,PHONE_NUMBER,HIRE_DATE,JOB_ID,SALARY,COMMISSION_PCT,MANAGER_ID,DEPARTMENT_ID,SALARY_HISTORY) values (195,'Vance','Jones','VJONES','650.501.4876',to_date('17-MAR-99', 'DD-MON-YY'),'SH_CLERK',2800,null,123,50,'{{881.91,322.22,106.81,607.02,90.16,966.44,68.7,941.1,477.57,352.54,818.61,364.58},{453.45,545.88,530.31,496.72,966.76,229.43,326.11,751.36,796.2,120.67,743.89,73.78},{903.8,368.55,123.29,975.41,163.01,964.11,436.3,689.83,514.77,268.74,933.47,217.09},{591.66,321.88,234.32,972.41,704.45,452.95,599.06,288.55,249.85,83.62,207.7,981.22}}');

Insert into EMPLOYEES (EMPLOYEE_ID,FIRST_NAME,LAST_NAME,EMAIL,PHONE_NUMBER,HIRE_DATE,JOB_ID,SALARY,COMMISSION_PCT,MANAGER_ID,DEPARTMENT_ID,SALARY_HISTORY) values (196,'Alana','Walsh','AWALSH','650.507.9811',to_date('24-APR-98', 'DD-MON-YY'),'SH_CLERK',3100,null,124,50,'{{674.86,85.61,372.31,121.07,233.81,22.99,368.81,252.64,478.51,450.32,282.91,681.1},{316.3,366.06,239.62,122.99,209.1,883.04,560.75,701.08,683.75,998.65,644.54,757.96},{473.74,698.24,625.26,440.17,674.45,346.43,26.21,482.38,224.42,435.74,668.38,436},{83.02,702.85,586.35,137.86,773.25,156.89,300.92,418.59,875.35,973.92,835.25,193.37}}');

Insert into EMPLOYEES (EMPLOYEE_ID,FIRST_NAME,LAST_NAME,EMAIL,PHONE_NUMBER,HIRE_DATE,JOB_ID,SALARY,COMMISSION_PCT,MANAGER_ID,DEPARTMENT_ID,SALARY_HISTORY) values (197,'Kevin','Feeney','KFEENEY','650.507.9822',to_date('23-MAY-98', 'DD-MON-YY'),'SH_CLERK',3000,null,124,50,'{{578.69,168.83,994.49,74.82,517.24,954.7,495.7,128.98,475.8,843.27,438.92,529.07},{500.34,400.54,978.47,215.12,731.74,147.51,672.58,965.83,421.07,419.5,135.17,133.49},{270.1,660.42,372.2,705.48,808.69,571.29,450.73,245.89,682.75,83.21,948.16,528.89},{231.45,807.78,982.56,908.28,936.18,378.58,682.87,153.62,851.67,1.34,295.9,107.8}}');

Insert into EMPLOYEES (EMPLOYEE_ID,FIRST_NAME,LAST_NAME,EMAIL,PHONE_NUMBER,HIRE_DATE,JOB_ID,SALARY,COMMISSION_PCT,MANAGER_ID,DEPARTMENT_ID,SALARY_HISTORY) values (198,'Donald','OConnell','DOCONNEL','650.507.9833',to_date('21-JUN-99', 'DD-MON-YY'),'SH_CLERK',2600,null,124,50,'{{58.28,778.36,761.08,658.64,155.02,878.77,655.43,564.12,796.14,812.97,743.04,613.91},{744.63,381.04,422.55,52.11,579.17,535.96,492.29,318.08,98.43,291.41,70.15,849.8},{325.33,937.84,757.44,663.39,954.35,613.2,920.9,39.2,438.49,883.68,984.2,958.27},{220.45,623.17,113.73,485.74,608.97,127.66,232.73,21.38,799.69,253.78,163.82,278.63}}');

Insert into EMPLOYEES (EMPLOYEE_ID,FIRST_NAME,LAST_NAME,EMAIL,PHONE_NUMBER,HIRE_DATE,JOB_ID,SALARY,COMMISSION_PCT,MANAGER_ID,DEPARTMENT_ID,SALARY_HISTORY) values (199,'Douglas','Grant','DGRANT','650.507.9844',to_date('13-JAN-00', 'DD-MON-YY'),'SH_CLERK',2600,null,124,50,'{{517.89,49.79,129.31,95.85,78.36,302.87,881.79,902.14,611.45,835.28,44.86,626.89},{298.59,76.76,708.19,659.43,861.17,261.76,443.15,642.52,695.07,98.51,361.01,438.26},{298.08,744.62,24.81,179.5,214.21,522.48,666.14,525.67,642.14,92.18,452.86,8.87},{919.44,954.25,993.18,471.14,597.01,394.82,899.79,986.63,408.93,778.85,132.19,759.37}}');

Insert into EMPLOYEES (EMPLOYEE_ID,FIRST_NAME,LAST_NAME,EMAIL,PHONE_NUMBER,HIRE_DATE,JOB_ID,SALARY,COMMISSION_PCT,MANAGER_ID,DEPARTMENT_ID,SALARY_HISTORY) values (200,'Jennifer','Whalen','JWHALEN','515.123.4444',to_date('17-SEP-87', 'DD-MON-YY'),'AD_ASST',4400,null,101,10,'{{706.88,810.82,817.49,889.75,794.1,925.78,135.47,809.82,850.64,541.06,759.5,481.38},{676.38,621.6,220.65,314.39,661.72,278.54,721.3,12.61,31.93,64.35,14.47,531.07},{446.89,64.5,36.08,590.41,379.21,511.59,750.44,609.14,778.91,150.78,593.36,387.89},{556.88,139.57,725.12,686.64,129.96,860.53,772.93,533.42,878.55,590.9,243.85,548.71}}');

Insert into EMPLOYEES (EMPLOYEE_ID,FIRST_NAME,LAST_NAME,EMAIL,PHONE_NUMBER,HIRE_DATE,JOB_ID,SALARY,COMMISSION_PCT,MANAGER_ID,DEPARTMENT_ID,SALARY_HISTORY) values (201,'Michael','Hartstein','MHARTSTE','515.123.5555',to_date('17-FEB-96', 'DD-MON-YY'),'MK_MAN',13000,null,100,20,'{{429.92,433.88,742.79,728.19,888.44,718.25,520.47,980.07,248.19,44.52,324.51,903.46},{297.82,691.38,351.12,315.3,633.9,586.86,908.94,402.34,767.47,57.09,394.13,918.12},{479.34,104.02,237.61,77.4,241.21,487.03,825.42,557.9,237.73,297.74,741.48,857.52},{738.25,924.31,967.54,102.39,966.88,797.51,125.31,900.39,547.99,767.54,300.61,596.61}}');

Insert into EMPLOYEES (EMPLOYEE_ID,FIRST_NAME,LAST_NAME,EMAIL,PHONE_NUMBER,HIRE_DATE,JOB_ID,SALARY,COMMISSION_PCT,MANAGER_ID,DEPARTMENT_ID,SALARY_HISTORY) values (202,'Pat','Fay','PFAY','603.123.6666',to_date('17-AUG-97', 'DD-MON-YY'),'MK_REP',6000,null,201,20,'{{58.66,364.15,681.29,781.38,101.81,300.53,646.71,106.11,699.17,926.97,490.54,280.03},{959.13,847.46,441.04,546.01,454.54,537.05,981.01,839.63,965.37,773.86,910.67,503.53},{295.29,822.59,519.76,581.24,675.82,663.48,34.12,436.18,184.78,911.63,911.3,567.61},{812.44,588.74,609.98,502.87,994.28,371.58,265.8,923.5,225.01,191.28,883.99,632.84}}');

Insert into EMPLOYEES (EMPLOYEE_ID,FIRST_NAME,LAST_NAME,EMAIL,PHONE_NUMBER,HIRE_DATE,JOB_ID,SALARY,COMMISSION_PCT,MANAGER_ID,DEPARTMENT_ID,SALARY_HISTORY) values (203,'Susan','Mavris','SMAVRIS','515.123.7777',to_date('07-JUN-94', 'DD-MON-YY'),'HR_REP',6500,null,101,40,'{{941.29,230.1,30.65,170.65,96.03,836.49,696.68,54.18,538.18,593.23,211.35,723.97},{936.76,964.66,776.72,466.3,899.22,382.08,340.61,893.84,411.84,26.21,831.24,997.14},{820.29,692.58,694.3,309.64,759.28,98.87,763.13,596.29,756.02,916.53,652.48,277.95},{956.51,107.87,7.96,102.1,190.23,599.45,865.88,611.21,684.35,510.09,465.89,388.53}}');

Insert into EMPLOYEES (EMPLOYEE_ID,FIRST_NAME,LAST_NAME,EMAIL,PHONE_NUMBER,HIRE_DATE,JOB_ID,SALARY,COMMISSION_PCT,MANAGER_ID,DEPARTMENT_ID,SALARY_HISTORY) values (204,'Hermann','Baer','HBAER','515.123.8888',to_date('07-JUN-94', 'DD-MON-YY'),'PR_REP',10000,null,101,70,'{{304.55,426.57,781.11,69.29,542.14,445.66,76.35,351.01,138.04,944.11,346.45,751.64},{124.66,704.58,754.76,178.82,720.72,40.16,176.77,836.41,927.17,183.44,75.9,787.53},{8.92,40.18,620.66,574.77,619.67,586.78,33.84,769.61,278.59,900.4,507.83,733.74},{438.91,243.48,768.05,781.01,229.41,108.85,973.4,419.29,696.11,854.49,803.1,694.98}}');

Insert into EMPLOYEES (EMPLOYEE_ID,FIRST_NAME,LAST_NAME,EMAIL,PHONE_NUMBER,HIRE_DATE,JOB_ID,SALARY,COMMISSION_PCT,MANAGER_ID,DEPARTMENT_ID,SALARY_HISTORY) values (205,'Shelley','Higgins','SHIGGINS','515.123.8080',to_date('07-JUN-94', 'DD-MON-YY'),'AC_MGR',12000,null,101,110,'{{377.51,422.14,509.02,119.26,381.44,578.84,498.23,961.61,960.36,725.03,445.24,31.97},{516.5,57.71,911.07,694.06,902.15,905.94,264.87,899.31,909.45,811.92,166.75,593.78},{234.96,317.94,199.88,810.02,637.94,294.56,294.13,6.01,439.73,879.15,440.8,787.89},{147.58,972.15,772.98,658.23,427.44,630.51,959.04,659.47,871.24,309.9,638.59,966.65}}');

Insert into EMPLOYEES (EMPLOYEE_ID,FIRST_NAME,LAST_NAME,EMAIL,PHONE_NUMBER,HIRE_DATE,JOB_ID,SALARY,COMMISSION_PCT,MANAGER_ID,DEPARTMENT_ID,SALARY_HISTORY) values (206,'William','Gietz','WGIETZ','515.123.8181',to_date('07-JUN-94', 'DD-MON-YY'),'AC_ACCOUNT',8300,null,205,110,'{{306.84,293.25,228.58,432.01,717.65,1.24,349.74,352.45,142.53,613.17,144.2,394.57},{584.83,539.44,712.72,748.11,192.69,959.24,384.13,145.72,353.81,374.72,914.4,413.92},{434.42,209.21,576.56,741.7,590.68,314.12,842.15,423.46,327.35,732.63,972.08,559.61},{278.68,290.52,207.4,678.11,883.48,981.93,806.4,138.2,872.76,610.22,798.2,521.33}}');


ALTER TABLE EMPLOYEES ENABLE TRIGGER ALL;

Insert into JOBS (JOB_ID,JOB_TITLE,BENEFITS,MIN_SALARY,MAX_SALARY) values ('AD_PRES','President',ARRAY['{"benefit":"golden_parachute", "amount": 200000}'::jsonb],20000,40000);

Insert into JOBS (JOB_ID,JOB_TITLE,BENEFITS,MIN_SALARY,MAX_SALARY) values ('AD_VP','Administration Vice President',ARRAY['{"benefit":"golden_parachute", "amount": 150000}'::jsonb],15000,30000);

Insert into JOBS (JOB_ID,JOB_TITLE,BENEFITS,MIN_SALARY,MAX_SALARY) values ('AD_ASST','Administration Assistant',ARRAY['{"benefit":"golden_parachute", "amount": 30000}'::jsonb],3000,6000);

Insert into JOBS (JOB_ID,JOB_TITLE,BENEFITS,MIN_SALARY,MAX_SALARY) values ('FI_MGR','Finance Manager',ARRAY['{"benefit":"golden_parachute", "amount": 82000}'::jsonb],8200,16000);

Insert into JOBS (JOB_ID,JOB_TITLE,BENEFITS,MIN_SALARY,MAX_SALARY) values ('FI_ACCOUNT','Accountant',ARRAY['{}'::jsonb],4200,9000);

Insert into JOBS (JOB_ID,JOB_TITLE,BENEFITS,MIN_SALARY,MAX_SALARY) values ('AC_MGR','Accounting Manager',ARRAY['{"benefit":"golden_parachute", "amount": 82000}'::jsonb],8200,16000);

Insert into JOBS (JOB_ID,JOB_TITLE,BENEFITS,MIN_SALARY,MAX_SALARY) values ('AC_ACCOUNT','Public Accountant',ARRAY['{}'::jsonb],4200,9000);

Insert into JOBS (JOB_ID,JOB_TITLE,BENEFITS,MIN_SALARY,MAX_SALARY) values ('SA_MAN','Sales Manager',ARRAY['{"benefit":"golden_parachute", "amount": 100000}'::jsonb],10000,20000);

Insert into JOBS (JOB_ID,JOB_TITLE,BENEFITS,MIN_SALARY,MAX_SALARY) values ('SA_REP','Sales Representative',ARRAY['{}'::jsonb],6000,12000);

Insert into JOBS (JOB_ID,JOB_TITLE,BENEFITS,MIN_SALARY,MAX_SALARY) values ('PU_MAN','Purchasing Manager',ARRAY['{"benefit":"golden_parachute", "amount": 80000}'::jsonb],8000,15000);

Insert into JOBS (JOB_ID,JOB_TITLE,BENEFITS,MIN_SALARY,MAX_SALARY) values ('PU_CLERK','Purchasing Clerk',ARRAY['{}'::jsonb],2500,5500);

Insert into JOBS (JOB_ID,JOB_TITLE,BENEFITS,MIN_SALARY,MAX_SALARY) values ('ST_MAN','Stock Manager',ARRAY['{"benefit":"golden_parachute", "amount": 55000}'::jsonb],5500,8500);

Insert into JOBS (JOB_ID,JOB_TITLE,BENEFITS,MIN_SALARY,MAX_SALARY) values ('ST_CLERK','Stock Clerk',ARRAY['{}'::jsonb],2000,5000);

Insert into JOBS (JOB_ID,JOB_TITLE,BENEFITS,MIN_SALARY,MAX_SALARY) values ('SH_CLERK','Shipping Clerk',ARRAY['{}'::jsonb],2500,5500);

Insert into JOBS (JOB_ID,JOB_TITLE,BENEFITS,MIN_SALARY,MAX_SALARY) values ('IT_PROG','Programmer',ARRAY['{"benefit":"widescreen monitor", "inches": 32}'::jsonb],4000,10000);

Insert into JOBS (JOB_ID,JOB_TITLE,BENEFITS,MIN_SALARY,MAX_SALARY) values ('MK_MAN','Marketing Manager',ARRAY['{"benefit":"golden_parachute", "amount": 90000}'::jsonb],9000,15000);

Insert into JOBS (JOB_ID,JOB_TITLE,BENEFITS,MIN_SALARY,MAX_SALARY) values ('MK_REP','Marketing Representative',ARRAY['{}'::jsonb],4000,9000);

Insert into JOBS (JOB_ID,JOB_TITLE,BENEFITS,MIN_SALARY,MAX_SALARY) values ('HR_REP','Human Resources Representative',ARRAY['{}'::jsonb],4000,9000);

Insert into JOBS (JOB_ID,JOB_TITLE,BENEFITS,MIN_SALARY,MAX_SALARY) values ('PR_REP','Public Relations Representative',ARRAY['{}'::jsonb],4500,10500);

Insert into JOB_HISTORY (EMPLOYEE_ID,START_DATE,END_DATE,JOB_ID,DEPARTMENT_ID) values (102,to_date('13-JAN-93', 'DD-MON-YY'),to_date('24-JUL-98', 'DD-MON-YY'),'IT_PROG',60);

Insert into JOB_HISTORY (EMPLOYEE_ID,START_DATE,END_DATE,JOB_ID,DEPARTMENT_ID) values (101,to_date('21-SEP-89', 'DD-MON-YY'),to_date('27-OCT-93', 'DD-MON-YY'),'AC_ACCOUNT',110);

Insert into JOB_HISTORY (EMPLOYEE_ID,START_DATE,END_DATE,JOB_ID,DEPARTMENT_ID) values (101,to_date('28-OCT-93', 'DD-MON-YY'),to_date('15-MAR-97', 'DD-MON-YY'),'AC_MGR',110);

Insert into JOB_HISTORY (EMPLOYEE_ID,START_DATE,END_DATE,JOB_ID,DEPARTMENT_ID) values (201,to_date('17-FEB-96', 'DD-MON-YY'),to_date('19-DEC-99', 'DD-MON-YY'),'MK_REP',20);

Insert into JOB_HISTORY (EMPLOYEE_ID,START_DATE,END_DATE,JOB_ID,DEPARTMENT_ID) values (114,to_date('24-MAR-98', 'DD-MON-YY'),to_date('31-DEC-99', 'DD-MON-YY'),'ST_CLERK',50);

Insert into JOB_HISTORY (EMPLOYEE_ID,START_DATE,END_DATE,JOB_ID,DEPARTMENT_ID) values (122,to_date('01-JAN-99', 'DD-MON-YY'),to_date('31-DEC-99', 'DD-MON-YY'),'ST_CLERK',50);

Insert into JOB_HISTORY (EMPLOYEE_ID,START_DATE,END_DATE,JOB_ID,DEPARTMENT_ID) values (200,to_date('17-SEP-87', 'DD-MON-YY'),to_date('17-JUN-93', 'DD-MON-YY'),'AD_ASST',90);

Insert into JOB_HISTORY (EMPLOYEE_ID,START_DATE,END_DATE,JOB_ID,DEPARTMENT_ID) values (176,to_date('24-MAR-98', 'DD-MON-YY'),to_date('31-DEC-98', 'DD-MON-YY'),'SA_REP',80);

Insert into JOB_HISTORY (EMPLOYEE_ID,START_DATE,END_DATE,JOB_ID,DEPARTMENT_ID) values (176,to_date('01-JAN-99', 'DD-MON-YY'),to_date('31-DEC-99', 'DD-MON-YY'),'SA_MAN',80);

Insert into JOB_HISTORY (EMPLOYEE_ID,START_DATE,END_DATE,JOB_ID,DEPARTMENT_ID) values (200,to_date('01-JUL-94', 'DD-MON-YY'),to_date('31-DEC-98', 'DD-MON-YY'),'AC_ACCOUNT',90);

Insert into JOB_HISTORY (EMPLOYEE_ID,START_DATE,END_DATE,JOB_ID,DEPARTMENT_ID) values (100,to_date('13-JAN-93', 'DD-MON-YY'),to_date('24-JUL-98', 'DD-MON-YY'),'IT_PROG',60);



